题号,题型,知识域,难度,题干,选项A,选项B,选项C,选项D,选项E,选项F,选项G,答案,解析,考点
Z001,单选,密码算法,核心,在“对称密码的角色”的工程评审中，以下哪项判断正确？,同一把共享密钥通常用于加密和解密，适合大批量数据保护,必须先公开私钥才可解密,对称算法天然提供身份认证,只凭宣传、单次测试或默认配置即可判断安全性。,,,,A,同一把共享密钥通常用于加密和解密，适合大批量数据保护。工程上应用会话密钥承载数据面加密；其余选项混淆了安全目标、攻击面或防护边界。,对称与非对称密码
Z051,多选,密码算法,核心,关于“对称密码的角色”，哪些认识或做法正确？,用会话密钥承载数据面加密,必须先公开私钥才可解密,对称算法天然提供身份认证,只要设备处于内网或有外壳保护，就无需做针对性安全验证。,同一把共享密钥通常用于加密和解密，适合大批量数据保护,,,AE,正确项体现了该主题的安全属性和工程控制：同一把共享密钥通常用于加密和解密，适合大批量数据保护；并应用会话密钥承载数据面加密。其余项要么错误描述能力边界，要么以无关控制替代必要防护。,对称与非对称密码
Z002,单选,密码算法,核心,在“非对称密码的角色”的工程评审中，以下哪项判断正确？,把私钥写入客户端配置文件,用公钥替代随机数,只凭宣传、单次测试或默认配置即可判断安全性。,公钥可分发而私钥应由持有者保密，常用于密钥协商和签名,,,,D,公钥可分发而私钥应由持有者保密，常用于密钥协商和签名。工程上应用证书绑定公钥与实体身份；其余选项混淆了安全目标、攻击面或防护边界。,公私钥用途
Z052,多选,密码算法,核心,关于“非对称密码的角色”，哪些认识或做法正确？,把私钥写入客户端配置文件,用公钥替代随机数,只要设备处于内网或有外壳保护，就无需做针对性安全验证。,公钥可分发而私钥应由持有者保密，常用于密钥协商和签名,用证书绑定公钥与实体身份,,,DE,正确项体现了该主题的安全属性和工程控制：公钥可分发而私钥应由持有者保密，常用于密钥协商和签名；并应用证书绑定公钥与实体身份。其余项要么错误描述能力边界，要么以无关控制替代必要防护。,公私钥用途
Z003,单选,密码算法,核心,在“AES 分组长度”的工程评审中，以下哪项判断正确？,将 AES 视为流密码,只凭宣传、单次测试或默认配置即可判断安全性。,AES 的分组长度固定为 128 位，密钥可为 128、192 或 256 位,把分组长度误认为随密钥长度变化,,,,C,AES 的分组长度固定为 128 位，密钥可为 128、192 或 256 位。工程上应按协议选择合适密钥长度和工作模式；其余选项混淆了安全目标、攻击面或防护边界。,分组密码参数
Z053,多选,密码算法,核心,关于“AES 分组长度”，哪些认识或做法正确？,将 AES 视为流密码,只要设备处于内网或有外壳保护，就无需做针对性安全验证。,AES 的分组长度固定为 128 位，密钥可为 128、192 或 256 位,按协议选择合适密钥长度和工作模式,把分组长度误认为随密钥长度变化,,,CD,正确项体现了该主题的安全属性和工程控制：AES 的分组长度固定为 128 位，密钥可为 128、192 或 256 位；并应按协议选择合适密钥长度和工作模式。其余项要么错误描述能力边界，要么以无关控制替代必要防护。,分组密码参数
Z004,单选,密码算法,核心,在“哈希函数用途”的工程评审中，以下哪项判断正确？,只凭宣传、单次测试或默认配置即可判断安全性。,密码学哈希主要提供完整性校验和摘要，不负责从摘要恢复原文,把哈希输出当作可逆密文,以哈希替代访问控制,,,,B,密码学哈希主要提供完整性校验和摘要，不负责从摘要恢复原文。工程上应结合签名或 MAC 验证完整性；其余选项混淆了安全目标、攻击面或防护边界。,哈希与完整性
Z054,多选,密码算法,核心,关于“哈希函数用途”，哪些认识或做法正确？,只要设备处于内网或有外壳保护，就无需做针对性安全验证。,密码学哈希主要提供完整性校验和摘要，不负责从摘要恢复原文,结合签名或 MAC 验证完整性,把哈希输出当作可逆密文,以哈希替代访问控制,,,BC,正确项体现了该主题的安全属性和工程控制：密码学哈希主要提供完整性校验和摘要，不负责从摘要恢复原文；并应结合签名或 MAC 验证完整性。其余项要么错误描述能力边界，要么以无关控制替代必要防护。,哈希与完整性
Z005,单选,密码算法,核心,在“MAC 的安全目标”的工程评审中，以下哪项判断正确？,MAC 用共享密钥验证消息完整性和来源认证，但不提供不可否认性,将 MAC 当作公开校验和,用 MAC 直接实现密钥交换,只凭宣传、单次测试或默认配置即可判断安全性。,,,,A,MAC 用共享密钥验证消息完整性和来源认证，但不提供不可否认性。工程上应为接口请求计算并校验 MAC；其余选项混淆了安全目标、攻击面或防护边界。,消息认证码
Z055,多选,密码算法,核心,关于“MAC 的安全目标”，哪些认识或做法正确？,MAC 用共享密钥验证消息完整性和来源认证，但不提供不可否认性,为接口请求计算并校验 MAC,将 MAC 当作公开校验和,用 MAC 直接实现密钥交换,只要设备处于内网或有外壳保护，就无需做针对性安全验证。,,,AB,正确项体现了该主题的安全属性和工程控制：MAC 用共享密钥验证消息完整性和来源认证，但不提供不可否认性；并应为接口请求计算并校验 MAC。其余项要么错误描述能力边界，要么以无关控制替代必要防护。,消息认证码
Z006,单选,密码算法,核心,在“数字签名用途”的工程评审中，以下哪项判断正确？,让所有设备共享签名私钥,用签名替代机密性加密,只凭宣传、单次测试或默认配置即可判断安全性。,数字签名由私钥生成、公钥验证，可证明完整性和签名者控制私钥,,,,D,数字签名由私钥生成、公钥验证，可证明完整性和签名者控制私钥。工程上应对固件发布包签名并验证；其余选项混淆了安全目标、攻击面或防护边界。,数字签名
Z056,多选,密码算法,核心,关于“数字签名用途”，哪些认识或做法正确？,对固件发布包签名并验证,让所有设备共享签名私钥,用签名替代机密性加密,只要设备处于内网或有外壳保护，就无需做针对性安全验证。,数字签名由私钥生成、公钥验证，可证明完整性和签名者控制私钥,,,AE,正确项体现了该主题的安全属性和工程控制：数字签名由私钥生成、公钥验证，可证明完整性和签名者控制私钥；并应对固件发布包签名并验证。其余项要么错误描述能力边界，要么以无关控制替代必要防护。,数字签名
Z007,单选,密码算法,核心,在“后量子标准”的工程评审中，以下哪项判断正确？,把 ML-KEM 当作对称分组密码,只凭宣传、单次测试或默认配置即可判断安全性。,NIST 已发布 FIPS 203、204、205，对应 ML-KEM、ML-DSA、SLH-DSA,把 HQC 说成已完成 FIPS 标准,,,,C,NIST 已发布 FIPS 203、204、205，对应 ML-KEM、ML-DSA、SLH-DSA。工程上应为长期数据建立密码敏捷迁移清单；其余选项混淆了安全目标、攻击面或防护边界。,后量子密码标准
Z057,多选,密码算法,核心,关于“后量子标准”，哪些认识或做法正确？,把 HQC 说成已完成 FIPS 标准,把 ML-KEM 当作对称分组密码,只要设备处于内网或有外壳保护，就无需做针对性安全验证。,NIST 已发布 FIPS 203、204、205，对应 ML-KEM、ML-DSA、SLH-DSA,为长期数据建立密码敏捷迁移清单,,,DE,正确项体现了该主题的安全属性和工程控制：NIST 已发布 FIPS 203、204、205，对应 ML-KEM、ML-DSA、SLH-DSA；并应为长期数据建立密码敏捷迁移清单。其余项要么错误描述能力边界，要么以无关控制替代必要防护。,后量子密码标准
Z008,单选,密码算法,核心,在“量子威胁边界”的工程评审中，以下哪项判断正确？,只凭宣传、单次测试或默认配置即可判断安全性。,大规模量子计算主要威胁 RSA、DH、ECC 等公钥体系；对称密码通常通过加长密钥缓解,立即把 AES 全部判为不可用,认为哈希和对称密码毫无影响,,,,B,大规模量子计算主要威胁 RSA、DH、ECC 等公钥体系；对称密码通常通过加长密钥缓解。工程上应优先盘点公钥证书和密钥交换路径；其余选项混淆了安全目标、攻击面或防护边界。,PQC 迁移
Z058,多选,密码算法,核心,关于“量子威胁边界”，哪些认识或做法正确？,认为哈希和对称密码毫无影响,只要设备处于内网或有外壳保护，就无需做针对性安全验证。,大规模量子计算主要威胁 RSA、DH、ECC 等公钥体系；对称密码通常通过加长密钥缓解,优先盘点公钥证书和密钥交换路径,立即把 AES 全部判为不可用,,,CD,正确项体现了该主题的安全属性和工程控制：大规模量子计算主要威胁 RSA、DH、ECC 等公钥体系；对称密码通常通过加长密钥缓解；并应优先盘点公钥证书和密钥交换路径。其余项要么错误描述能力边界，要么以无关控制替代必要防护。,PQC 迁移
Z009,单选,侧信道与故障注入,核心,在“功耗侧信道”的工程评审中，以下哪项判断正确？,功耗轨迹可反映运算时的数据相关活动，需大量对齐样本进行统计分析,只增加软件日志即可消除泄漏,认为密文输入不会泄漏密钥相关信息,只凭宣传、单次测试或默认配置即可判断安全性。,,,,A,功耗轨迹可反映运算时的数据相关活动，需大量对齐样本进行统计分析。工程上应采用掩码、隐藏和去相关设计；其余选项混淆了安全目标、攻击面或防护边界。,功耗分析
Z059,多选,侧信道与故障注入,核心,关于“功耗侧信道”，哪些认识或做法正确？,只要设备处于内网或有外壳保护，就无需做针对性安全验证。,功耗轨迹可反映运算时的数据相关活动，需大量对齐样本进行统计分析,采用掩码、隐藏和去相关设计,只增加软件日志即可消除泄漏,认为密文输入不会泄漏密钥相关信息,,,BC,正确项体现了该主题的安全属性和工程控制：功耗轨迹可反映运算时的数据相关活动，需大量对齐样本进行统计分析；并应采用掩码、隐藏和去相关设计。其余项要么错误描述能力边界，要么以无关控制替代必要防护。,功耗分析
Z010,单选,侧信道与故障注入,核心,在“电磁侧信道”的工程评审中，以下哪项判断正确？,认为金属外壳必然完全消除 EM 泄漏,仅靠更快时钟解决泄漏,只凭宣传、单次测试或默认配置即可判断安全性。,电磁探头可在不直接接触供电网络时获取局部辐射，但空间定位要求较高,,,,D,电磁探头可在不直接接触供电网络时获取局部辐射，但空间定位要求较高。工程上应评估屏蔽与布局并做 EM 测试；其余选项混淆了安全目标、攻击面或防护边界。,电磁分析
Z060,多选,侧信道与故障注入,核心,关于“电磁侧信道”，哪些认识或做法正确？,电磁探头可在不直接接触供电网络时获取局部辐射，但空间定位要求较高,评估屏蔽与布局并做 EM 测试,认为金属外壳必然完全消除 EM 泄漏,仅靠更快时钟解决泄漏,只要设备处于内网或有外壳保护，就无需做针对性安全验证。,,,AB,正确项体现了该主题的安全属性和工程控制：电磁探头可在不直接接触供电网络时获取局部辐射，但空间定位要求较高；并应评估屏蔽与布局并做 EM 测试。其余项要么错误描述能力边界，要么以无关控制替代必要防护。,电磁分析
Z011,单选,侧信道与故障注入,核心,在“功耗与电磁取舍”的工程评审中，以下哪项判断正确？,认为二者都无需示波器或采样设备,只凭宣传、单次测试或默认配置即可判断安全性。,功耗测量通常连接供电路径且信号稳定，电磁测量定位性更强但对探头位置敏感,把两类攻击视为完全相同,,,,C,功耗测量通常连接供电路径且信号稳定，电磁测量定位性更强但对探头位置敏感。工程上应按封装和可达性选择测试方法；其余选项混淆了安全目标、攻击面或防护边界。,侧信道比较
Z061,多选,侧信道与故障注入,核心,关于“功耗与电磁取舍”，哪些认识或做法正确？,按封装和可达性选择测试方法,把两类攻击视为完全相同,认为二者都无需示波器或采样设备,只要设备处于内网或有外壳保护，就无需做针对性安全验证。,功耗测量通常连接供电路径且信号稳定，电磁测量定位性更强但对探头位置敏感,,,AE,正确项体现了该主题的安全属性和工程控制：功耗测量通常连接供电路径且信号稳定，电磁测量定位性更强但对探头位置敏感；并应按封装和可达性选择测试方法。其余项要么错误描述能力边界，要么以无关控制替代必要防护。,侧信道比较
Z012,单选,侧信道与故障注入,核心,在“简单功耗分析”的工程评审中，以下哪项判断正确？,只凭宣传、单次测试或默认配置即可判断安全性。,SPA 直接观察单条或少量轨迹中的操作差异，适合分支和操作序列泄漏,认为 SPA 必须使用数百万轨迹,仅更换密钥长度即可阻断 SPA,,,,B,SPA 直接观察单条或少量轨迹中的操作差异，适合分支和操作序列泄漏。工程上应避免密钥相关的可见控制流；其余选项混淆了安全目标、攻击面或防护边界。,SPA
Z062,多选,侧信道与故障注入,核心,关于“简单功耗分析”，哪些认识或做法正确？,认为 SPA 必须使用数百万轨迹,仅更换密钥长度即可阻断 SPA,只要设备处于内网或有外壳保护，就无需做针对性安全验证。,SPA 直接观察单条或少量轨迹中的操作差异，适合分支和操作序列泄漏,避免密钥相关的可见控制流,,,DE,正确项体现了该主题的安全属性和工程控制：SPA 直接观察单条或少量轨迹中的操作差异，适合分支和操作序列泄漏；并应避免密钥相关的可见控制流。其余项要么错误描述能力边界，要么以无关控制替代必要防护。,SPA
Z013,单选,侧信道与故障注入,核心,在“差分功耗分析”的工程评审中，以下哪项判断正确？,DPA/CPA 利用大量轨迹与泄漏模型做统计相关，目标常为中间值与密钥猜测,只对输出密文做一次哈希,假设平均噪声自动消除攻击,只凭宣传、单次测试或默认配置即可判断安全性。,,,,A,DPA/CPA 利用大量轨迹与泄漏模型做统计相关，目标常为中间值与密钥猜测。工程上应在实现级加入随机掩码并验证；其余选项混淆了安全目标、攻击面或防护边界。,DPA/CPA
Z063,多选,侧信道与故障注入,核心,关于“差分功耗分析”，哪些认识或做法正确？,在实现级加入随机掩码并验证,只对输出密文做一次哈希,假设平均噪声自动消除攻击,只要设备处于内网或有外壳保护，就无需做针对性安全验证。,安全设计应记录威胁模型、假设和可验证证据，而非依赖口头保证。,DPA/CPA 利用大量轨迹与泄漏模型做统计相关，目标常为中间值与密钥猜测,,AEF,正确项体现了该主题的安全属性和工程控制：DPA/CPA 利用大量轨迹与泄漏模型做统计相关，目标常为中间值与密钥猜测；并应在实现级加入随机掩码并验证。其余项要么错误描述能力边界，要么以无关控制替代必要防护。,DPA/CPA
Z014,单选,侧信道与故障注入,核心,在“掩码防护”的工程评审中，以下哪项判断正确？,把固定常数当作随机掩码,只在算法入口掩码一次即可,只凭宣传、单次测试或默认配置即可判断安全性。,掩码通过随机份额处理敏感中间值，目标是降低单点统计相关性,,,,D,掩码通过随机份额处理敏感中间值，目标是降低单点统计相关性。工程上应同时保护掩码生成、刷新和组合操作；其余选项混淆了安全目标、攻击面或防护边界。,侧信道掩码
Z064,多选,侧信道与故障注入,核心,关于“掩码防护”，哪些认识或做法正确？,只要设备处于内网或有外壳保护，就无需做针对性安全验证。,掩码通过随机份额处理敏感中间值，目标是降低单点统计相关性,同时保护掩码生成、刷新和组合操作,把固定常数当作随机掩码,只在算法入口掩码一次即可,,,BC,正确项体现了该主题的安全属性和工程控制：掩码通过随机份额处理敏感中间值，目标是降低单点统计相关性；并应同时保护掩码生成、刷新和组合操作。其余项要么错误描述能力边界，要么以无关控制替代必要防护。,侧信道掩码
Z015,单选,侧信道与故障注入,核心,在“隐藏防护”的工程评审中，以下哪项判断正确？,将噪声视为数学安全证明,只凭宣传、单次测试或默认配置即可判断安全性。,隐藏通过噪声、随机时序或功耗均衡降低可观测信噪比，但通常不能替代掩码,认为插入固定延时就是随机化,,,,C,隐藏通过噪声、随机时序或功耗均衡降低可观测信噪比，但通常不能替代掩码。工程上应将隐藏与掩码组合评估；其余选项混淆了安全目标、攻击面或防护边界。,侧信道隐藏
Z065,多选,侧信道与故障注入,核心,关于“隐藏防护”，哪些认识或做法正确？,隐藏通过噪声、随机时序或功耗均衡降低可观测信噪比，但通常不能替代掩码,将隐藏与掩码组合评估,认为插入固定延时就是随机化,将噪声视为数学安全证明,只要设备处于内网或有外壳保护，就无需做针对性安全验证。,,,AB,正确项体现了该主题的安全属性和工程控制：隐藏通过噪声、随机时序或功耗均衡降低可观测信噪比，但通常不能替代掩码；并应将隐藏与掩码组合评估。其余项要么错误描述能力边界，要么以无关控制替代必要防护。,侧信道隐藏
Z016,单选,侧信道与故障注入,核心,在“恒定时间实现”的工程评审中，以下哪项判断正确？,只凭宣传、单次测试或默认配置即可判断安全性。,恒定时间实现应避免密钥相关分支、访存地址和可观察的早退行为,认为固定总指令数即可覆盖缓存泄漏,让编译器任意优化敏感代码,,,,B,恒定时间实现应避免密钥相关分支、访存地址和可观察的早退行为。工程上应使用常数时间比较和查表替代策略；其余选项混淆了安全目标、攻击面或防护边界。,常数时间
Z066,多选,侧信道与故障注入,核心,关于“恒定时间实现”，哪些认识或做法正确？,使用常数时间比较和查表替代策略,认为固定总指令数即可覆盖缓存泄漏,让编译器任意优化敏感代码,只要设备处于内网或有外壳保护，就无需做针对性安全验证。,恒定时间实现应避免密钥相关分支、访存地址和可观察的早退行为,,,AE,正确项体现了该主题的安全属性和工程控制：恒定时间实现应避免密钥相关分支、访存地址和可观察的早退行为；并应使用常数时间比较和查表替代策略。其余项要么错误描述能力边界，要么以无关控制替代必要防护。,常数时间
Z017,单选,侧信道与故障注入,核心,在“激光故障注入”的工程评审中，以下哪项判断正确？,激光可精确作用于芯片局部区域，通常需要去封装或暴露敏感层,认为激光攻击可隔着任意厚封装精确完成,只用软件异常捕获防御,只凭宣传、单次测试或默认配置即可判断安全性。,,,,A,激光可精确作用于芯片局部区域，通常需要去封装或暴露敏感层。工程上应在高风险芯片中加入传感与防拆响应；其余选项混淆了安全目标、攻击面或防护边界。,激光注入
Z067,多选,侧信道与故障注入,核心,关于“激光故障注入”，哪些认识或做法正确？,认为激光攻击可隔着任意厚封装精确完成,只用软件异常捕获防御,只要设备处于内网或有外壳保护，就无需做针对性安全验证。,激光可精确作用于芯片局部区域，通常需要去封装或暴露敏感层,在高风险芯片中加入传感与防拆响应,,,DE,正确项体现了该主题的安全属性和工程控制：激光可精确作用于芯片局部区域，通常需要去封装或暴露敏感层；并应在高风险芯片中加入传感与防拆响应。其余项要么错误描述能力边界，要么以无关控制替代必要防护。,激光注入
Z018,单选,侧信道与故障注入,核心,在“电磁故障注入”的工程评审中，以下哪项判断正确？,认为 EMFI 只影响无线通信,只依赖外壳标签检测攻击,只凭宣传、单次测试或默认配置即可判断安全性。,EMFI 通过瞬态电磁脉冲扰动局部电路，非接触且可快速扫描时间窗口,,,,D,EMFI 通过瞬态电磁脉冲扰动局部电路，非接触且可快速扫描时间窗口。工程上应用时钟/电压监测与冗余校验防护；其余选项混淆了安全目标、攻击面或防护边界。,EMFI
Z068,多选,侧信道与故障注入,核心,关于“电磁故障注入”，哪些认识或做法正确？,只依赖外壳标签检测攻击,只要设备处于内网或有外壳保护，就无需做针对性安全验证。,EMFI 通过瞬态电磁脉冲扰动局部电路，非接触且可快速扫描时间窗口,用时钟/电压监测与冗余校验防护,认为 EMFI 只影响无线通信,,,CD,正确项体现了该主题的安全属性和工程控制：EMFI 通过瞬态电磁脉冲扰动局部电路，非接触且可快速扫描时间窗口；并应用时钟/电压监测与冗余校验防护。其余项要么错误描述能力边界，要么以无关控制替代必要防护。,EMFI
Z019,单选,侧信道与故障注入,核心,在“电压故障注入”的工程评审中，以下哪项判断正确？,只增加电容就可覆盖所有毛刺,只凭宣传、单次测试或默认配置即可判断安全性。,电压毛刺可破坏时序裕量并导致跳过检查、错误计算或复位异常,将欠压视为普通性能调节,,,,C,电压毛刺可破坏时序裕量并导致跳过检查、错误计算或复位异常。工程上应监测供电范围并在异常时擦除或复位；其余选项混淆了安全目标、攻击面或防护边界。,电压毛刺
Z069,多选,侧信道与故障注入,核心,关于“电压故障注入”，哪些认识或做法正确？,只要设备处于内网或有外壳保护，就无需做针对性安全验证。,电压毛刺可破坏时序裕量并导致跳过检查、错误计算或复位异常,监测供电范围并在异常时擦除或复位,将欠压视为普通性能调节,只增加电容就可覆盖所有毛刺,,,BC,正确项体现了该主题的安全属性和工程控制：电压毛刺可破坏时序裕量并导致跳过检查、错误计算或复位异常；并应监测供电范围并在异常时擦除或复位。其余项要么错误描述能力边界，要么以无关控制替代必要防护。,电压毛刺
Z020,单选,侧信道与故障注入,核心,在“故障平台组成”的工程评审中，以下哪项判断正确？,只凭宣传、单次测试或默认配置即可判断安全性。,故障注入平台通常需要目标板、触发源、脉冲发生器、测量设备和可重复控制环境,只准备一块目标板即可复现实验,不记录参数也能比较结果,,,,B,故障注入平台通常需要目标板、触发源、脉冲发生器、测量设备和可重复控制环境。工程上应将触发信号与目标操作对齐；其余选项混淆了安全目标、攻击面或防护边界。,故障测试平台
Z070,多选,侧信道与故障注入,核心,关于“故障平台组成”，哪些认识或做法正确？,故障注入平台通常需要目标板、触发源、脉冲发生器、测量设备和可重复控制环境,将触发信号与目标操作对齐,只准备一块目标板即可复现实验,不记录参数也能比较结果,只要设备处于内网或有外壳保护，就无需做针对性安全验证。,,,AB,正确项体现了该主题的安全属性和工程控制：故障注入平台通常需要目标板、触发源、脉冲发生器、测量设备和可重复控制环境；并应将触发信号与目标操作对齐。其余项要么错误描述能力边界，要么以无关控制替代必要防护。,故障测试平台
Z021,单选,侧信道与故障注入,核心,在“故障触发”的工程评审中，以下哪项判断正确？,高质量故障实验需要将脉冲相对目标操作精确对齐，并扫描时间、幅度和位置,随机连续注入直到偶然成功,把串口日志当作唯一触发源,只凭宣传、单次测试或默认配置即可判断安全性。,,,,A,高质量故障实验需要将脉冲相对目标操作精确对齐，并扫描时间、幅度和位置。工程上应记录每次注入的参数与结果；其余选项混淆了安全目标、攻击面或防护边界。,故障注入触发
Z071,多选,侧信道与故障注入,核心,关于“故障触发”，哪些认识或做法正确？,记录每次注入的参数与结果,随机连续注入直到偶然成功,把串口日志当作唯一触发源,只要设备处于内网或有外壳保护，就无需做针对性安全验证。,高质量故障实验需要将脉冲相对目标操作精确对齐，并扫描时间、幅度和位置,,,AE,正确项体现了该主题的安全属性和工程控制：高质量故障实验需要将脉冲相对目标操作精确对齐，并扫描时间、幅度和位置；并应记录每次注入的参数与结果。其余项要么错误描述能力边界，要么以无关控制替代必要防护。,故障注入触发
Z022,单选,侧信道与故障注入,核心,在“冗余校验”的工程评审中，以下哪项判断正确？,两次读取同一受扰寄存器即可独立冗余,检测到错误后继续使用结果,只凭宣传、单次测试或默认配置即可判断安全性。,双重计算、控制流完整性检查和结果一致性校验可提高对瞬态故障的检测能力,,,,D,双重计算、控制流完整性检查和结果一致性校验可提高对瞬态故障的检测能力。工程上应让两次计算尽量避免共模失效；其余选项混淆了安全目标、攻击面或防护边界。,故障检测
Z072,多选,侧信道与故障注入,核心,关于“冗余校验”，哪些认识或做法正确？,两次读取同一受扰寄存器即可独立冗余,检测到错误后继续使用结果,只要设备处于内网或有外壳保护，就无需做针对性安全验证。,双重计算、控制流完整性检查和结果一致性校验可提高对瞬态故障的检测能力,让两次计算尽量避免共模失效,,,DE,正确项体现了该主题的安全属性和工程控制：双重计算、控制流完整性检查和结果一致性校验可提高对瞬态故障的检测能力；并应让两次计算尽量避免共模失效。其余项要么错误描述能力边界，要么以无关控制替代必要防护。,故障检测
Z023,单选,侧信道与故障注入,核心,在“安全失败”的工程评审中，以下哪项判断正确？,仅向外输出调试细节,只凭宣传、单次测试或默认配置即可判断安全性。,检测到电压、时钟或环境异常时，应进入安全失败状态而不是放行敏感操作,在错误路径跳过认证以保持可用性,,,,C,检测到电压、时钟或环境异常时，应进入安全失败状态而不是放行敏感操作。工程上应复位、锁定或清除短期密钥；其余选项混淆了安全目标、攻击面或防护边界。,故障响应
Z073,多选,侧信道与故障注入,核心,关于“安全失败”，哪些认识或做法正确？,仅向外输出调试细节,只要设备处于内网或有外壳保护，就无需做针对性安全验证。,检测到电压、时钟或环境异常时，应进入安全失败状态而不是放行敏感操作,复位、锁定或清除短期密钥,在错误路径跳过认证以保持可用性,,,CD,正确项体现了该主题的安全属性和工程控制：检测到电压、时钟或环境异常时，应进入安全失败状态而不是放行敏感操作；并应复位、锁定或清除短期密钥。其余项要么错误描述能力边界，要么以无关控制替代必要防护。,故障响应
Z024,单选,硬件可信根,核心,在“硬件可信根”的工程评审中，以下哪项判断正确？,只凭宣传、单次测试或默认配置即可判断安全性。,硬件可信根为启动、密钥和度量提供较难被高权限软件篡改的信任锚,把普通文件系统作为唯一根信任,认为可信根等同于防火墙,,,,B,硬件可信根为启动、密钥和度量提供较难被高权限软件篡改的信任锚。工程上应把根密钥隔离在受保护硬件中；其余选项混淆了安全目标、攻击面或防护边界。,Root of Trust
Z074,多选,硬件可信根,核心,关于“硬件可信根”，哪些认识或做法正确？,只要设备处于内网或有外壳保护，就无需做针对性安全验证。,硬件可信根为启动、密钥和度量提供较难被高权限软件篡改的信任锚,把根密钥隔离在受保护硬件中,把普通文件系统作为唯一根信任,认为可信根等同于防火墙,,,BC,正确项体现了该主题的安全属性和工程控制：硬件可信根为启动、密钥和度量提供较难被高权限软件篡改的信任锚；并应把根密钥隔离在受保护硬件中。其余项要么错误描述能力边界，要么以无关控制替代必要防护。,Root of Trust
Z025,单选,硬件可信根,核心,在“安全启动”的工程评审中，以下哪项判断正确？,安全启动在执行下一阶段前验证其签名或完整性，形成可验证的启动链,只测量但不验证仍称安全启动,允许失败后自动执行未验证镜像,只凭宣传、单次测试或默认配置即可判断安全性。,,,,A,安全启动在执行下一阶段前验证其签名或完整性，形成可验证的启动链。工程上应从不可变或受保护根开始验证；其余选项混淆了安全目标、攻击面或防护边界。,安全启动
Z075,多选,硬件可信根,核心,关于“安全启动”，哪些认识或做法正确？,安全启动在执行下一阶段前验证其签名或完整性，形成可验证的启动链,从不可变或受保护根开始验证,只测量但不验证仍称安全启动,允许失败后自动执行未验证镜像,只要设备处于内网或有外壳保护，就无需做针对性安全验证。,,,AB,正确项体现了该主题的安全属性和工程控制：安全启动在执行下一阶段前验证其签名或完整性，形成可验证的启动链；并应从不可变或受保护根开始验证。其余项要么错误描述能力边界，要么以无关控制替代必要防护。,安全启动
Z026,单选,硬件可信根,核心,在“可信启动与度量”的工程评审中，以下哪项判断正确？,把日志文本当作不可篡改度量,认为度量无需参考基线,只凭宣传、单次测试或默认配置即可判断安全性。,度量启动记录组件哈希供后续证明或策略判断，不等同于立即阻止执行,,,,D,度量启动记录组件哈希供后续证明或策略判断，不等同于立即阻止执行。工程上应将度量值写入受保护寄存器；其余选项混淆了安全目标、攻击面或防护边界。,可信度量
Z076,多选,硬件可信根,核心,关于“可信启动与度量”，哪些认识或做法正确？,将度量值写入受保护寄存器,把日志文本当作不可篡改度量,认为度量无需参考基线,只要设备处于内网或有外壳保护，就无需做针对性安全验证。,度量启动记录组件哈希供后续证明或策略判断，不等同于立即阻止执行,,,AE,正确项体现了该主题的安全属性和工程控制：度量启动记录组件哈希供后续证明或策略判断，不等同于立即阻止执行；并应将度量值写入受保护寄存器。其余项要么错误描述能力边界，要么以无关控制替代必要防护。,可信度量
Z027,单选,硬件可信根,核心,在“TPM PCR”的工程评审中，以下哪项判断正确？,把 PCR 当作通用大容量磁盘,只凭宣传、单次测试或默认配置即可判断安全性。,TPM 的 PCR 常以 extend 方式累积度量，保留顺序相关的启动状态证据,直接覆盖 PCR 以隐藏早期组件,,,,C,TPM 的 PCR 常以 extend 方式累积度量，保留顺序相关的启动状态证据。工程上应用 PCR 报价支持远程验证；其余选项混淆了安全目标、攻击面或防护边界。,TPM PCR
Z077,多选,硬件可信根,核心,关于“TPM PCR”，哪些认识或做法正确？,直接覆盖 PCR 以隐藏早期组件,把 PCR 当作通用大容量磁盘,只要设备处于内网或有外壳保护，就无需做针对性安全验证。,TPM 的 PCR 常以 extend 方式累积度量，保留顺序相关的启动状态证据,用 PCR 报价支持远程验证,,,DE,正确项体现了该主题的安全属性和工程控制：TPM 的 PCR 常以 extend 方式累积度量，保留顺序相关的启动状态证据；并应用 PCR 报价支持远程验证。其余项要么错误描述能力边界，要么以无关控制替代必要防护。,TPM PCR
Z028,单选,硬件可信根,核心,在“TPM 报价”的工程评审中，以下哪项判断正确？,只凭宣传、单次测试或默认配置即可判断安全性。,Quote 由 TPM 对 PCR 等状态签名，使验证方可检查设备度量和新鲜度,只上传未签名的日志文本,复用旧 nonce 作为永久证明,,,,B,Quote 由 TPM 对 PCR 等状态签名，使验证方可检查设备度量和新鲜度。工程上应结合 nonce 防止重放；其余选项混淆了安全目标、攻击面或防护边界。,远程证明
Z078,多选,硬件可信根,核心,关于“TPM 报价”，哪些认识或做法正确？,复用旧 nonce 作为永久证明,只要设备处于内网或有外壳保护，就无需做针对性安全验证。,Quote 由 TPM 对 PCR 等状态签名，使验证方可检查设备度量和新鲜度,结合 nonce 防止重放,只上传未签名的日志文本,,,CD,正确项体现了该主题的安全属性和工程控制：Quote 由 TPM 对 PCR 等状态签名，使验证方可检查设备度量和新鲜度；并应结合 nonce 防止重放。其余项要么错误描述能力边界，要么以无关控制替代必要防护。,远程证明
Z029,单选,硬件可信根,核心,在“TPM 密封”的工程评审中，以下哪项判断正确？,Sealing 可将数据绑定到 TPM 及指定 PCR 状态，状态不符时拒绝解封,把密钥明文写入启动脚本,认为换系统后仍必然可解封,只凭宣传、单次测试或默认配置即可判断安全性。,,,,A,Sealing 可将数据绑定到 TPM 及指定 PCR 状态，状态不符时拒绝解封。工程上应把磁盘密钥绑定到可信启动状态；其余选项混淆了安全目标、攻击面或防护边界。,TPM 密封
Z079,多选,硬件可信根,核心,关于“TPM 密封”，哪些认识或做法正确？,只要设备处于内网或有外壳保护，就无需做针对性安全验证。,Sealing 可将数据绑定到 TPM 及指定 PCR 状态，状态不符时拒绝解封,把磁盘密钥绑定到可信启动状态,把密钥明文写入启动脚本,认为换系统后仍必然可解封,,,BC,正确项体现了该主题的安全属性和工程控制：Sealing 可将数据绑定到 TPM 及指定 PCR 状态，状态不符时拒绝解封；并应把磁盘密钥绑定到可信启动状态。其余项要么错误描述能力边界，要么以无关控制替代必要防护。,TPM 密封
Z030,单选,硬件可信根,核心,在“HSM 定位”的工程评审中，以下哪项判断正确？,把 HSM 当作普通备份盘,导出所有明文主密钥以便运维,只凭宣传、单次测试或默认配置即可判断安全性。,HSM 专门保护高价值密钥并在受控边界内执行密码操作，常用于 CA、支付和密钥托管,,,,D,HSM 专门保护高价值密钥并在受控边界内执行密码操作，常用于 CA、支付和密钥托管。工程上应让私钥留在 HSM 内完成签名；其余选项混淆了安全目标、攻击面或防护边界。,硬件安全模块
Z080,多选,硬件可信根,核心,关于“HSM 定位”，哪些认识或做法正确？,HSM 专门保护高价值密钥并在受控边界内执行密码操作，常用于 CA、支付和密钥托管,让私钥留在 HSM 内完成签名,把 HSM 当作普通备份盘,导出所有明文主密钥以便运维,只要设备处于内网或有外壳保护，就无需做针对性安全验证。,,,AB,正确项体现了该主题的安全属性和工程控制：HSM 专门保护高价值密钥并在受控边界内执行密码操作，常用于 CA、支付和密钥托管；并应让私钥留在 HSM 内完成签名。其余项要么错误描述能力边界，要么以无关控制替代必要防护。,硬件安全模块
Z031,单选,密码算法,核心,在“随机数根”的工程评审中，以下哪项判断正确？,把时间戳当作唯一随机源,只凭宣传、单次测试或默认配置即可判断安全性。,硬件可信根可提供或保护随机数源，随机数质量直接影响密钥、nonce 和挑战值安全,重复使用固定种子生成生产密钥,,,,C,硬件可信根可提供或保护随机数源，随机数质量直接影响密钥、nonce 和挑战值安全。工程上应健康检测并使用经审查的 DRBG；其余选项混淆了安全目标、攻击面或防护边界。,随机数生成
Z081,多选,密码算法,核心,关于“随机数根”，哪些认识或做法正确？,健康检测并使用经审查的 DRBG,重复使用固定种子生成生产密钥,把时间戳当作唯一随机源,只要设备处于内网或有外壳保护，就无需做针对性安全验证。,硬件可信根可提供或保护随机数源，随机数质量直接影响密钥、nonce 和挑战值安全,,,AE,正确项体现了该主题的安全属性和工程控制：硬件可信根可提供或保护随机数源，随机数质量直接影响密钥、nonce 和挑战值安全；并应健康检测并使用经审查的 DRBG。其余项要么错误描述能力边界，要么以无关控制替代必要防护。,随机数生成
Z032,单选,TEE 与机密计算,核心,在“TEE 边界”的工程评审中，以下哪项判断正确？,只凭宣传、单次测试或默认配置即可判断安全性。,TEE 在硬件隔离边界中运行敏感代码和数据，但不自动消除所有侧信道和物理攻击,把 TEE 宣称为万能安全边界,允许不可信 OS 任意读取安全内存,,,,B,TEE 在硬件隔离边界中运行敏感代码和数据，但不自动消除所有侧信道和物理攻击。工程上应按威胁模型补充侧信道防护；其余选项混淆了安全目标、攻击面或防护边界。,TEE 基础
Z082,多选,TEE 与机密计算,核心,关于“TEE 边界”，哪些认识或做法正确？,把 TEE 宣称为万能安全边界,允许不可信 OS 任意读取安全内存,只要设备处于内网或有外壳保护，就无需做针对性安全验证。,TEE 在硬件隔离边界中运行敏感代码和数据，但不自动消除所有侧信道和物理攻击,按威胁模型补充侧信道防护,,,DE,正确项体现了该主题的安全属性和工程控制：TEE 在硬件隔离边界中运行敏感代码和数据，但不自动消除所有侧信道和物理攻击；并应按威胁模型补充侧信道防护。其余项要么错误描述能力边界，要么以无关控制替代必要防护。,TEE 基础
Z033,单选,TEE 与机密计算,核心,在“TrustZone”的工程评审中，以下哪项判断正确？,Arm TrustZone 将系统划分为 Secure 与 Non-secure 世界，适合隔离安全服务,把普通世界驱动直接作为安全世界可信代码,认为 TrustZone 天然等同于机密虚机,只凭宣传、单次测试或默认配置即可判断安全性。,,,,A,Arm TrustZone 将系统划分为 Secure 与 Non-secure 世界，适合隔离安全服务。工程上应最小化安全世界的接口和 TCB；其余选项混淆了安全目标、攻击面或防护边界。,TrustZone
Z083,多选,TEE 与机密计算,核心,关于“TrustZone”，哪些认识或做法正确？,认为 TrustZone 天然等同于机密虚机,只要设备处于内网或有外壳保护，就无需做针对性安全验证。,Arm TrustZone 将系统划分为 Secure 与 Non-secure 世界，适合隔离安全服务,最小化安全世界的接口和 TCB,把普通世界驱动直接作为安全世界可信代码,,,CD,正确项体现了该主题的安全属性和工程控制：Arm TrustZone 将系统划分为 Secure 与 Non-secure 世界，适合隔离安全服务；并应最小化安全世界的接口和 TCB。其余项要么错误描述能力边界，要么以无关控制替代必要防护。,TrustZone
Z034,单选,TEE 与机密计算,核心,在“SGX 粒度”的工程评审中，以下哪项判断正确？,把整个操作系统纳入 enclave,认为 SGX 主要用于整机磁盘加密,只凭宣传、单次测试或默认配置即可判断安全性。,Intel SGX 以 enclave 为粒度保护进程内敏感代码和数据，试图缩小 TCB,,,,D,Intel SGX 以 enclave 为粒度保护进程内敏感代码和数据，试图缩小 TCB。工程上应减少 enclave 入口和受信代码；其余选项混淆了安全目标、攻击面或防护边界。,SGX
Z084,多选,TEE 与机密计算,核心,关于“SGX 粒度”，哪些认识或做法正确？,只要设备处于内网或有外壳保护，就无需做针对性安全验证。,Intel SGX 以 enclave 为粒度保护进程内敏感代码和数据，试图缩小 TCB,减少 enclave 入口和受信代码,把整个操作系统纳入 enclave,认为 SGX 主要用于整机磁盘加密,,,BC,正确项体现了该主题的安全属性和工程控制：Intel SGX 以 enclave 为粒度保护进程内敏感代码和数据，试图缩小 TCB；并应减少 enclave 入口和受信代码。其余项要么错误描述能力边界，要么以无关控制替代必要防护。,SGX
Z035,单选,TEE 与机密计算,核心,在“SEV”的工程评审中，以下哪项判断正确？,把 SEV 视为应用进程级隔离,只凭宣传、单次测试或默认配置即可判断安全性。,AMD SEV 为虚拟机内存提供加密隔离，主要面向不信任宿主和 hypervisor 的云场景,认为基础 SEV 已覆盖所有内存重放,,,,C,AMD SEV 为虚拟机内存提供加密隔离，主要面向不信任宿主和 hypervisor 的云场景。工程上应结合版本能力判断完整性保护；其余选项混淆了安全目标、攻击面或防护边界。,AMD SEV
Z085,多选,TEE 与机密计算,核心,关于“SEV”，哪些认识或做法正确？,AMD SEV 为虚拟机内存提供加密隔离，主要面向不信任宿主和 hypervisor 的云场景,结合版本能力判断完整性保护,认为基础 SEV 已覆盖所有内存重放,把 SEV 视为应用进程级隔离,只要设备处于内网或有外壳保护，就无需做针对性安全验证。,,,AB,正确项体现了该主题的安全属性和工程控制：AMD SEV 为虚拟机内存提供加密隔离，主要面向不信任宿主和 hypervisor 的云场景；并应结合版本能力判断完整性保护。其余项要么错误描述能力边界，要么以无关控制替代必要防护。,AMD SEV
Z036,单选,TEE 与机密计算,核心,在“SEV-SNP”的工程评审中，以下哪项判断正确？,只凭宣传、单次测试或默认配置即可判断安全性。,SEV-SNP 在 SEV 基础上增强内存完整性与页状态保护，并支持证明,认为 SNP 只改变密钥长度,认为有内存加密就无需完整性,,,,B,SEV-SNP 在 SEV 基础上增强内存完整性与页状态保护，并支持证明。工程上应验证客体度量和证明报告；其余选项混淆了安全目标、攻击面或防护边界。,SEV-SNP
Z086,多选,TEE 与机密计算,核心,关于“SEV-SNP”，哪些认识或做法正确？,验证客体度量和证明报告,认为 SNP 只改变密钥长度,认为有内存加密就无需完整性,只要设备处于内网或有外壳保护，就无需做针对性安全验证。,SEV-SNP 在 SEV 基础上增强内存完整性与页状态保护，并支持证明,,,AE,正确项体现了该主题的安全属性和工程控制：SEV-SNP 在 SEV 基础上增强内存完整性与页状态保护，并支持证明；并应验证客体度量和证明报告。其余项要么错误描述能力边界，要么以无关控制替代必要防护。,SEV-SNP
Z037,单选,TEE 与机密计算,核心,在“CCA Realm”的工程评审中，以下哪项判断正确？,Arm CCA 基于 RME 引入 Realm，用于将机密虚机与普通世界及管理层隔离,把 Realm 解释为普通用户进程,认为 CCA 只增加一个软件容器,只凭宣传、单次测试或默认配置即可判断安全性。,,,,A,Arm CCA 基于 RME 引入 Realm，用于将机密虚机与普通世界及管理层隔离。工程上应理解 Root、Secure、Realm、Non-secure 状态；其余选项混淆了安全目标、攻击面或防护边界。,Arm CCA
Z087,多选,TEE 与机密计算,核心,关于“CCA Realm”，哪些认识或做法正确？,把 Realm 解释为普通用户进程,认为 CCA 只增加一个软件容器,只要设备处于内网或有外壳保护，就无需做针对性安全验证。,Arm CCA 基于 RME 引入 Realm，用于将机密虚机与普通世界及管理层隔离,理解 Root、Secure、Realm、Non-secure 状态,,,DE,正确项体现了该主题的安全属性和工程控制：Arm CCA 基于 RME 引入 Realm，用于将机密虚机与普通世界及管理层隔离；并应理解 Root、Secure、Realm、Non-secure 状态。其余项要么错误描述能力边界，要么以无关控制替代必要防护。,Arm CCA
Z038,单选,TEE 与机密计算,核心,在“远程证明”的工程评审中，以下哪项判断正确？,只信任客户端自报版本号,把证明报告当作永久授权凭据,只凭宣传、单次测试或默认配置即可判断安全性。,远程证明让验证方依据签名证据、度量和 nonce 判断实例是否处于期望状态,,,,D,远程证明让验证方依据签名证据、度量和 nonce 判断实例是否处于期望状态。工程上应校验证书链、度量策略和新鲜度；其余选项混淆了安全目标、攻击面或防护边界。,机密计算证明
Z088,多选,TEE 与机密计算,核心,关于“远程证明”，哪些认识或做法正确？,把证明报告当作永久授权凭据,只要设备处于内网或有外壳保护，就无需做针对性安全验证。,远程证明让验证方依据签名证据、度量和 nonce 判断实例是否处于期望状态,校验证书链、度量策略和新鲜度,只信任客户端自报版本号,,,CD,正确项体现了该主题的安全属性和工程控制：远程证明让验证方依据签名证据、度量和 nonce 判断实例是否处于期望状态；并应校验证书链、度量策略和新鲜度。其余项要么错误描述能力边界，要么以无关控制替代必要防护。,机密计算证明
Z039,单选,处理器微架构安全,核心,在“Spectre”的工程评审中，以下哪项判断正确？,把 Spectre 当作普通缓冲区溢出,只凭宣传、单次测试或默认配置即可判断安全性。,Spectre 利用投机执行留下的微架构痕迹推断本不应访问的数据,认为权限检查完成前不会产生缓存影响,,,,C,Spectre 利用投机执行留下的微架构痕迹推断本不应访问的数据。工程上应插入投机屏障并减少可控索引；其余选项混淆了安全目标、攻击面或防护边界。,Spectre
Z089,多选,处理器微架构安全,核心,关于“Spectre”，哪些认识或做法正确？,只要设备处于内网或有外壳保护，就无需做针对性安全验证。,Spectre 利用投机执行留下的微架构痕迹推断本不应访问的数据,插入投机屏障并减少可控索引,认为权限检查完成前不会产生缓存影响,把 Spectre 当作普通缓冲区溢出,,,BC,正确项体现了该主题的安全属性和工程控制：Spectre 利用投机执行留下的微架构痕迹推断本不应访问的数据；并应插入投机屏障并减少可控索引。其余项要么错误描述能力边界，要么以无关控制替代必要防护。,Spectre
Z040,单选,处理器微架构安全,核心,在“Meltdown”的工程评审中，以下哪项判断正确？,只凭宣传、单次测试或默认配置即可判断安全性。,Meltdown 类问题与瞬态执行及权限检查时序有关，可能通过缓存侧信道泄漏特权数据,认为应用层 try/catch 能根治问题,把漏洞归因于网络协议,,,,B,Meltdown 类问题与瞬态执行及权限检查时序有关，可能通过缓存侧信道泄漏特权数据。工程上应部署微码和操作系统缓解措施；其余选项混淆了安全目标、攻击面或防护边界。,Meltdown
Z090,多选,处理器微架构安全,核心,关于“Meltdown”，哪些认识或做法正确？,Meltdown 类问题与瞬态执行及权限检查时序有关，可能通过缓存侧信道泄漏特权数据,部署微码和操作系统缓解措施,认为应用层 try/catch 能根治问题,把漏洞归因于网络协议,只要设备处于内网或有外壳保护，就无需做针对性安全验证。,,,AB,正确项体现了该主题的安全属性和工程控制：Meltdown 类问题与瞬态执行及权限检查时序有关，可能通过缓存侧信道泄漏特权数据；并应部署微码和操作系统缓解措施。其余项要么错误描述能力边界，要么以无关控制替代必要防护。,Meltdown
Z041,单选,处理器微架构安全,核心,在“缓存侧信道”的工程评审中，以下哪项判断正确？,攻击者可通过访问时间推断缓存命中与否，从而获取受害者访问模式信息,认为缓存属于纯软件资源,只加密内存即可消除缓存泄漏,只凭宣传、单次测试或默认配置即可判断安全性。,,,,A,攻击者可通过访问时间推断缓存命中与否，从而获取受害者访问模式信息。工程上应隔离敏感工作负载并避免秘密相关访问；其余选项混淆了安全目标、攻击面或防护边界。,缓存攻击
Z091,多选,处理器微架构安全,核心,关于“缓存侧信道”，哪些认识或做法正确？,隔离敏感工作负载并避免秘密相关访问,认为缓存属于纯软件资源,只加密内存即可消除缓存泄漏,只要设备处于内网或有外壳保护，就无需做针对性安全验证。,攻击者可通过访问时间推断缓存命中与否，从而获取受害者访问模式信息,,,AE,正确项体现了该主题的安全属性和工程控制：攻击者可通过访问时间推断缓存命中与否，从而获取受害者访问模式信息；并应隔离敏感工作负载并避免秘密相关访问。其余项要么错误描述能力边界，要么以无关控制替代必要防护。,缓存攻击
Z042,单选,处理器微架构安全,核心,在“缓解边界”的工程评审中，以下哪项判断正确？,只升级浏览器即可覆盖所有系统,认为一次补丁永久解决所有变体,只凭宣传、单次测试或默认配置即可判断安全性。,微架构漏洞缓解常涉及硬件、微码、操作系统和应用共同配合，并可能带来性能代价,,,,D,微架构漏洞缓解常涉及硬件、微码、操作系统和应用共同配合，并可能带来性能代价。工程上应在变更后回归验证性能与安全；其余选项混淆了安全目标、攻击面或防护边界。,微架构缓解
Z092,多选,处理器微架构安全,核心,关于“缓解边界”，哪些认识或做法正确？,只升级浏览器即可覆盖所有系统,认为一次补丁永久解决所有变体,只要设备处于内网或有外壳保护，就无需做针对性安全验证。,微架构漏洞缓解常涉及硬件、微码、操作系统和应用共同配合，并可能带来性能代价,在变更后回归验证性能与安全,,,DE,正确项体现了该主题的安全属性和工程控制：微架构漏洞缓解常涉及硬件、微码、操作系统和应用共同配合，并可能带来性能代价；并应在变更后回归验证性能与安全。其余项要么错误描述能力边界，要么以无关控制替代必要防护。,微架构缓解
Z043,单选,硬件供应链安全,核心,在“硬件木马”的工程评审中，以下哪项判断正确？,认为木马只能由最终用户植入,只凭宣传、单次测试或默认配置即可判断安全性。,硬件木马是在设计、制造或交付链路植入的恶意逻辑，可能在特定触发条件下泄漏或破坏,把所有硬件缺陷都称为木马,,,,C,硬件木马是在设计、制造或交付链路植入的恶意逻辑，可能在特定触发条件下泄漏或破坏。工程上应建立设计审查和供应链可追溯机制；其余选项混淆了安全目标、攻击面或防护边界。,硬件木马
Z093,多选,硬件供应链安全,核心,关于“硬件木马”，哪些认识或做法正确？,认为木马只能由最终用户植入,只要设备处于内网或有外壳保护，就无需做针对性安全验证。,硬件木马是在设计、制造或交付链路植入的恶意逻辑，可能在特定触发条件下泄漏或破坏,建立设计审查和供应链可追溯机制,把所有硬件缺陷都称为木马,,,CD,正确项体现了该主题的安全属性和工程控制：硬件木马是在设计、制造或交付链路植入的恶意逻辑，可能在特定触发条件下泄漏或破坏；并应建立设计审查和供应链可追溯机制。其余项要么错误描述能力边界，要么以无关控制替代必要防护。,硬件木马
Z044,单选,硬件供应链安全,核心,在“恶意植入”的工程评审中，以下哪项判断正确？,只凭宣传、单次测试或默认配置即可判断安全性。,恶意植入可发生在 PCB、固件、芯片或替换部件层面，风险取决于攻击面和可验证性,仅检查外观颜色即可确认可信,认为原厂标签永远不可伪造,,,,B,恶意植入可发生在 PCB、固件、芯片或替换部件层面，风险取决于攻击面和可验证性。工程上应对关键部件做来源与完整性核验；其余选项混淆了安全目标、攻击面或防护边界。,硬件植入
Z094,多选,硬件供应链安全,核心,关于“恶意植入”，哪些认识或做法正确？,只要设备处于内网或有外壳保护，就无需做针对性安全验证。,恶意植入可发生在 PCB、固件、芯片或替换部件层面，风险取决于攻击面和可验证性,对关键部件做来源与完整性核验,仅检查外观颜色即可确认可信,认为原厂标签永远不可伪造,,,BC,正确项体现了该主题的安全属性和工程控制：恶意植入可发生在 PCB、固件、芯片或替换部件层面，风险取决于攻击面和可验证性；并应对关键部件做来源与完整性核验。其余项要么错误描述能力边界，要么以无关控制替代必要防护。,硬件植入
Z045,单选,硬件供应链安全,核心,在“可信供应链”的工程评审中，以下哪项判断正确？,可信供应链需要供应商管理、BOM 可追溯、来料检验、版本控制和异常处置协同,只在交付后做一次抽检,把采购价格作为唯一安全指标,只凭宣传、单次测试或默认配置即可判断安全性。,,,,A,可信供应链需要供应商管理、BOM 可追溯、来料检验、版本控制和异常处置协同。工程上应为关键器件建立批次与序列号记录；其余选项混淆了安全目标、攻击面或防护边界。,供应链治理
Z095,多选,硬件供应链安全,核心,关于“可信供应链”，哪些认识或做法正确？,可信供应链需要供应商管理、BOM 可追溯、来料检验、版本控制和异常处置协同,为关键器件建立批次与序列号记录,只在交付后做一次抽检,把采购价格作为唯一安全指标,只要设备处于内网或有外壳保护，就无需做针对性安全验证。,,,AB,正确项体现了该主题的安全属性和工程控制：可信供应链需要供应商管理、BOM 可追溯、来料检验、版本控制和异常处置协同；并应为关键器件建立批次与序列号记录。其余项要么错误描述能力边界，要么以无关控制替代必要防护。,供应链治理
Z046,单选,硬件供应链安全,核心,在“篡改检测”的工程评审中，以下哪项判断正确？,认为封签破损前绝无风险,只记录首次开箱照片即可,只凭宣传、单次测试或默认配置即可判断安全性。,防拆封、封签、序列号和链路审计可提高篡改发现概率，但不能单独证明内部逻辑可信,,,,D,防拆封、封签、序列号和链路审计可提高篡改发现概率，但不能单独证明内部逻辑可信。工程上应将物理检查与密码学验证结合；其余选项混淆了安全目标、攻击面或防护边界。,篡改检测
Z096,多选,硬件供应链安全,核心,关于“篡改检测”，哪些认识或做法正确？,将物理检查与密码学验证结合,认为封签破损前绝无风险,只记录首次开箱照片即可,只要设备处于内网或有外壳保护，就无需做针对性安全验证。,防拆封、封签、序列号和链路审计可提高篡改发现概率，但不能单独证明内部逻辑可信,,,AE,正确项体现了该主题的安全属性和工程控制：防拆封、封签、序列号和链路审计可提高篡改发现概率，但不能单独证明内部逻辑可信；并应将物理检查与密码学验证结合。其余项要么错误描述能力边界，要么以无关控制替代必要防护。,篡改检测
Z047,单选,调试接口安全,核心,在“JTAG 风险”的工程评审中，以下哪项判断正确？,认为 JTAG 只能读取温度传感器,只凭宣传、单次测试或默认配置即可判断安全性。,JTAG 可提供芯片调试和边界扫描能力，未受控时可能被用于读写寄存器、内存或烧录,把 JTAG 引脚隐藏在外壳内即可安全,,,,C,JTAG 可提供芯片调试和边界扫描能力，未受控时可能被用于读写寄存器、内存或烧录。工程上应量产后关闭、锁定或强认证 JTAG；其余选项混淆了安全目标、攻击面或防护边界。,JTAG
Z097,多选,调试接口安全,核心,关于“JTAG 风险”，哪些认识或做法正确？,把 JTAG 引脚隐藏在外壳内即可安全,认为 JTAG 只能读取温度传感器,只要设备处于内网或有外壳保护，就无需做针对性安全验证。,JTAG 可提供芯片调试和边界扫描能力，未受控时可能被用于读写寄存器、内存或烧录,量产后关闭、锁定或强认证 JTAG,,,DE,正确项体现了该主题的安全属性和工程控制：JTAG 可提供芯片调试和边界扫描能力，未受控时可能被用于读写寄存器、内存或烧录；并应量产后关闭、锁定或强认证 JTAG。其余项要么错误描述能力边界，要么以无关控制替代必要防护。,JTAG
Z048,单选,调试接口安全,核心,在“UART 风险”的工程评审中，以下哪项判断正确？,只凭宣传、单次测试或默认配置即可判断安全性。,UART 控制台常暴露启动日志和高权限 shell，生产设备应限制或认证访问,把 UART 波特率调低当作安全控制,认为串口无网络连接就无风险,,,,B,UART 控制台常暴露启动日志和高权限 shell，生产设备应限制或认证访问。工程上应移除默认调试 shell 并控制物理访问；其余选项混淆了安全目标、攻击面或防护边界。,UART
Z098,多选,调试接口安全,核心,关于“UART 风险”，哪些认识或做法正确？,认为串口无网络连接就无风险,只要设备处于内网或有外壳保护，就无需做针对性安全验证。,UART 控制台常暴露启动日志和高权限 shell，生产设备应限制或认证访问,移除默认调试 shell 并控制物理访问,把 UART 波特率调低当作安全控制,,,CD,正确项体现了该主题的安全属性和工程控制：UART 控制台常暴露启动日志和高权限 shell，生产设备应限制或认证访问；并应移除默认调试 shell 并控制物理访问。其余项要么错误描述能力边界，要么以无关控制替代必要防护。,UART
Z049,单选,调试接口安全,核心,在“量产调试策略”的工程评审中，以下哪项判断正确？,开发便利与量产安全应分离，量产镜像应关闭未授权调试并保留可审计的维护路径,所有设备永久保留开发口令,用同一调试密钥覆盖所有批次,只凭宣传、单次测试或默认配置即可判断安全性。,,,,A,开发便利与量产安全应分离，量产镜像应关闭未授权调试并保留可审计的维护路径。工程上应用受控授权流程开启维修模式；其余选项混淆了安全目标、攻击面或防护边界。,调试生命周期
Z099,多选,调试接口安全,核心,关于“量产调试策略”，哪些认识或做法正确？,只要设备处于内网或有外壳保护，就无需做针对性安全验证。,开发便利与量产安全应分离，量产镜像应关闭未授权调试并保留可审计的维护路径,用受控授权流程开启维修模式,所有设备永久保留开发口令,用同一调试密钥覆盖所有批次,,,BC,正确项体现了该主题的安全属性和工程控制：开发便利与量产安全应分离，量产镜像应关闭未授权调试并保留可审计的维护路径；并应用受控授权流程开启维修模式。其余项要么错误描述能力边界，要么以无关控制替代必要防护。,调试生命周期
Z050,单选,调试接口安全,核心,在“调试解锁”的工程评审中，以下哪项判断正确？,把解锁令牌写入公开文档,允许离线无限次猜测口令,只凭宣传、单次测试或默认配置即可判断安全性。,安全解锁应采用设备唯一凭据、挑战响应、权限分级和审计，而非固定万能密码,,,,D,安全解锁应采用设备唯一凭据、挑战响应、权限分级和审计，而非固定万能密码。工程上应限制解锁时长和操作范围；其余选项混淆了安全目标、攻击面或防护边界。,调试认证
Z100,多选,调试接口安全,核心,关于“调试解锁”，哪些认识或做法正确？,安全解锁应采用设备唯一凭据、挑战响应、权限分级和审计，而非固定万能密码,限制解锁时长和操作范围,把解锁令牌写入公开文档,允许离线无限次猜测口令,只要设备处于内网或有外壳保护，就无需做针对性安全验证。,,,AB,正确项体现了该主题的安全属性和工程控制：安全解锁应采用设备唯一凭据、挑战响应、权限分级和审计，而非固定万能密码；并应限制解锁时长和操作范围。其余项要么错误描述能力边界，要么以无关控制替代必要防护。,调试认证
Y101,单选,密码算法,扩展,在“AEAD”的工程评审中，以下哪项判断正确？,AEAD 模式同时保护机密性与完整性，关联数据可认证但不加密,把 AAD 当作无需认证的明文,验证失败后仍处理明文,只凭宣传、单次测试或默认配置即可判断安全性。,,,,A,AEAD 模式同时保护机密性与完整性，关联数据可认证但不加密。工程上应为协议头使用 AAD 并验证 tag；其余选项混淆了安全目标、攻击面或防护边界。,AEAD
Y151,多选,密码算法,扩展,关于“AEAD”，哪些认识或做法正确？,为协议头使用 AAD 并验证 tag,把 AAD 当作无需认证的明文,验证失败后仍处理明文,只要设备处于内网或有外壳保护，就无需做针对性安全验证。,AEAD 模式同时保护机密性与完整性，关联数据可认证但不加密,,,AE,正确项体现了该主题的安全属性和工程控制：AEAD 模式同时保护机密性与完整性，关联数据可认证但不加密；并应为协议头使用 AAD 并验证 tag。其余项要么错误描述能力边界，要么以无关控制替代必要防护。,AEAD
Y102,单选,密码算法,扩展,在“Nonce 管理”的工程评审中，以下哪项判断正确？,为每条消息固定使用全零 nonce,把 nonce 当作秘密密钥,只凭宣传、单次测试或默认配置即可判断安全性。,对要求唯一 nonce 的 AEAD 模式，重复 nonce 可能破坏机密性或完整性,,,,D,对要求唯一 nonce 的 AEAD 模式，重复 nonce 可能破坏机密性或完整性。工程上应用计数器或安全随机方案管理 nonce；其余选项混淆了安全目标、攻击面或防护边界。,Nonce
Y152,多选,密码算法,扩展,关于“Nonce 管理”，哪些认识或做法正确？,为每条消息固定使用全零 nonce,把 nonce 当作秘密密钥,只要设备处于内网或有外壳保护，就无需做针对性安全验证。,对要求唯一 nonce 的 AEAD 模式，重复 nonce 可能破坏机密性或完整性,用计数器或安全随机方案管理 nonce,,,DE,正确项体现了该主题的安全属性和工程控制：对要求唯一 nonce 的 AEAD 模式，重复 nonce 可能破坏机密性或完整性；并应用计数器或安全随机方案管理 nonce。其余项要么错误描述能力边界，要么以无关控制替代必要防护。,Nonce
Y103,单选,密码算法,扩展,在“密钥轮换”的工程评审中，以下哪项判断正确？,认为轮换能修复已泄漏明文,只凭宣传、单次测试或默认配置即可判断安全性。,密钥轮换降低单把密钥长期暴露和大规模数据泄漏的影响，但须保留可控迁移路径,删除旧密钥前不检查数据依赖,,,,C,密钥轮换降低单把密钥长期暴露和大规模数据泄漏的影响，但须保留可控迁移路径。工程上应记录密钥版本并支持双读期；其余选项混淆了安全目标、攻击面或防护边界。,密钥轮换
Y153,多选,密码算法,扩展,关于“密钥轮换”，哪些认识或做法正确？,认为轮换能修复已泄漏明文,只要设备处于内网或有外壳保护，就无需做针对性安全验证。,密钥轮换降低单把密钥长期暴露和大规模数据泄漏的影响，但须保留可控迁移路径,记录密钥版本并支持双读期,删除旧密钥前不检查数据依赖,,,CD,正确项体现了该主题的安全属性和工程控制：密钥轮换降低单把密钥长期暴露和大规模数据泄漏的影响，但须保留可控迁移路径；并应记录密钥版本并支持双读期。其余项要么错误描述能力边界，要么以无关控制替代必要防护。,密钥轮换
Y104,单选,密码算法,扩展,在“密码敏捷性”的工程评审中，以下哪项判断正确？,只凭宣传、单次测试或默认配置即可判断安全性。,密码敏捷性要求协议和产品可安全更换算法、参数与证书，而不是随意降级,允许攻击者任选最弱算法,把算法名硬编码为永不变更,,,,B,密码敏捷性要求协议和产品可安全更换算法、参数与证书，而不是随意降级。工程上应定义受控协商和弃用策略；其余选项混淆了安全目标、攻击面或防护边界。,密码敏捷
Y154,多选,密码算法,扩展,关于“密码敏捷性”，哪些认识或做法正确？,只要设备处于内网或有外壳保护，就无需做针对性安全验证。,密码敏捷性要求协议和产品可安全更换算法、参数与证书，而不是随意降级,定义受控协商和弃用策略,允许攻击者任选最弱算法,把算法名硬编码为永不变更,,,BC,正确项体现了该主题的安全属性和工程控制：密码敏捷性要求协议和产品可安全更换算法、参数与证书，而不是随意降级；并应定义受控协商和弃用策略。其余项要么错误描述能力边界，要么以无关控制替代必要防护。,密码敏捷
Y105,单选,密码算法,扩展,在“证书验证”的工程评审中，以下哪项判断正确？,验证证书不仅看签名，还应检查链、用途、有效期、主机名或身份绑定及撤销策略,只要证书文件存在就接受,忽略证书用途限制,只凭宣传、单次测试或默认配置即可判断安全性。,,,,A,验证证书不仅看签名，还应检查链、用途、有效期、主机名或身份绑定及撤销策略。工程上应使用经过验证的 TLS 库配置；其余选项混淆了安全目标、攻击面或防护边界。,PKI
Y155,多选,密码算法,扩展,关于“证书验证”，哪些认识或做法正确？,验证证书不仅看签名，还应检查链、用途、有效期、主机名或身份绑定及撤销策略,使用经过验证的 TLS 库配置,只要证书文件存在就接受,忽略证书用途限制,只要设备处于内网或有外壳保护，就无需做针对性安全验证。,,,AB,正确项体现了该主题的安全属性和工程控制：验证证书不仅看签名，还应检查链、用途、有效期、主机名或身份绑定及撤销策略；并应使用经过验证的 TLS 库配置。其余项要么错误描述能力边界，要么以无关控制替代必要防护。,PKI
Y106,单选,密码算法,扩展,在“KEM 用途”的工程评审中，以下哪项判断正确？,把 KEM 直接当作文件加密模式,把封装密文当作长期私钥,只凭宣传、单次测试或默认配置即可判断安全性。,KEM 用于在公开信道建立共享秘密，随后通常交给对称算法保护数据,,,,D,KEM 用于在公开信道建立共享秘密，随后通常交给对称算法保护数据。工程上应将 ML-KEM 与 AEAD 组合部署；其余选项混淆了安全目标、攻击面或防护边界。,密钥封装
Y156,多选,密码算法,扩展,关于“KEM 用途”，哪些认识或做法正确？,将 ML-KEM 与 AEAD 组合部署,把 KEM 直接当作文件加密模式,把封装密文当作长期私钥,只要设备处于内网或有外壳保护，就无需做针对性安全验证。,KEM 用于在公开信道建立共享秘密，随后通常交给对称算法保护数据,,,AE,正确项体现了该主题的安全属性和工程控制：KEM 用于在公开信道建立共享秘密，随后通常交给对称算法保护数据；并应将 ML-KEM 与 AEAD 组合部署。其余项要么错误描述能力边界，要么以无关控制替代必要防护。,密钥封装
Y107,单选,密码算法,扩展,在“PQC 混合迁移”的工程评审中，以下哪项判断正确？,认为混合模式无需性能测试,只凭宣传、单次测试或默认配置即可判断安全性。,混合密钥交换可在过渡期同时结合传统与后量子机制，以降低单一迁移风险,把两套算法的输出直接字符串拼接,,,,C,混合密钥交换可在过渡期同时结合传统与后量子机制，以降低单一迁移风险。工程上应明确双方算法协商与验证规则；其余选项混淆了安全目标、攻击面或防护边界。,PQC 迁移
Y157,多选,密码算法,扩展,关于“PQC 混合迁移”，哪些认识或做法正确？,明确双方算法协商与验证规则,把两套算法的输出直接字符串拼接,认为混合模式无需性能测试,只要设备处于内网或有外壳保护，就无需做针对性安全验证。,安全设计应记录威胁模型、假设和可验证证据，而非依赖口头保证。,混合密钥交换可在过渡期同时结合传统与后量子机制，以降低单一迁移风险,,AEF,正确项体现了该主题的安全属性和工程控制：混合密钥交换可在过渡期同时结合传统与后量子机制，以降低单一迁移风险；并应明确双方算法协商与验证规则。其余项要么错误描述能力边界，要么以无关控制替代必要防护。,PQC 迁移
Y108,单选,密码算法,扩展,在“哈希碰撞”的工程评审中，以下哪项判断正确？,只凭宣传、单次测试或默认配置即可判断安全性。,抗碰撞性关注攻击者难以构造相同摘要的两份不同消息，对签名和完整性很重要,把 CRC 当作密码学哈希,认为摘要越短越难碰撞,,,,B,抗碰撞性关注攻击者难以构造相同摘要的两份不同消息，对签名和完整性很重要。工程上应选择仍被推荐的哈希算法；其余选项混淆了安全目标、攻击面或防护边界。,哈希安全性
Y158,多选,密码算法,扩展,关于“哈希碰撞”，哪些认识或做法正确？,认为摘要越短越难碰撞,只要设备处于内网或有外壳保护，就无需做针对性安全验证。,抗碰撞性关注攻击者难以构造相同摘要的两份不同消息，对签名和完整性很重要,选择仍被推荐的哈希算法,把 CRC 当作密码学哈希,,,CD,正确项体现了该主题的安全属性和工程控制：抗碰撞性关注攻击者难以构造相同摘要的两份不同消息，对签名和完整性很重要；并应选择仍被推荐的哈希算法。其余项要么错误描述能力边界，要么以无关控制替代必要防护。,哈希安全性
Y109,单选,侧信道与故障注入,扩展,在“泄漏评估”的工程评审中，以下哪项判断正确？,侧信道防护应通过测量和统计检验验证，而非仅依据设计意图,只审查源代码即可证明无泄漏,把一次失败攻击当作安全证明,只凭宣传、单次测试或默认配置即可判断安全性。,,,,A,侧信道防护应通过测量和统计检验验证，而非仅依据设计意图。工程上应在代表性芯片和配置上采样；其余选项混淆了安全目标、攻击面或防护边界。,泄漏评估
Y159,多选,侧信道与故障注入,扩展,关于“泄漏评估”，哪些认识或做法正确？,只要设备处于内网或有外壳保护，就无需做针对性安全验证。,侧信道防护应通过测量和统计检验验证，而非仅依据设计意图,在代表性芯片和配置上采样,只审查源代码即可证明无泄漏,把一次失败攻击当作安全证明,,,BC,正确项体现了该主题的安全属性和工程控制：侧信道防护应通过测量和统计检验验证，而非仅依据设计意图；并应在代表性芯片和配置上采样。其余项要么错误描述能力边界，要么以无关控制替代必要防护。,泄漏评估
Y110,单选,侧信道与故障注入,扩展,在“TVLA”的工程评审中，以下哪项判断正确？,把 TVLA 通过等同于绝对安全,只测试单个时钟频率,只凭宣传、单次测试或默认配置即可判断安全性。,TVLA 常通过固定与随机输入组的统计差异筛查潜在泄漏，是评估流程的一部分,,,,D,TVLA 常通过固定与随机输入组的统计差异筛查潜在泄漏，是评估流程的一部分。工程上应将检验结果与攻击实验结合；其余选项混淆了安全目标、攻击面或防护边界。,TVLA
Y160,多选,侧信道与故障注入,扩展,关于“TVLA”，哪些认识或做法正确？,TVLA 常通过固定与随机输入组的统计差异筛查潜在泄漏，是评估流程的一部分,将检验结果与攻击实验结合,把 TVLA 通过等同于绝对安全,只测试单个时钟频率,只要设备处于内网或有外壳保护，就无需做针对性安全验证。,,,AB,正确项体现了该主题的安全属性和工程控制：TVLA 常通过固定与随机输入组的统计差异筛查潜在泄漏，是评估流程的一部分；并应将检验结果与攻击实验结合。其余项要么错误描述能力边界，要么以无关控制替代必要防护。,TVLA
Y111,单选,侧信道与故障注入,扩展,在“时钟毛刺”的工程评审中，以下哪项判断正确？,把时钟异常交给应用层处理,只凭宣传、单次测试或默认配置即可判断安全性。,时钟毛刺通过缩短或扰动时钟周期破坏时序，可能引发跳指令或错误状态,认为时钟只影响性能不会影响安全,,,,C,时钟毛刺通过缩短或扰动时钟周期破坏时序，可能引发跳指令或错误状态。工程上应监视时钟完整性并采用冗余检查；其余选项混淆了安全目标、攻击面或防护边界。,时钟故障
Y161,多选,侧信道与故障注入,扩展,关于“时钟毛刺”，哪些认识或做法正确？,监视时钟完整性并采用冗余检查,认为时钟只影响性能不会影响安全,把时钟异常交给应用层处理,只要设备处于内网或有外壳保护，就无需做针对性安全验证。,时钟毛刺通过缩短或扰动时钟周期破坏时序，可能引发跳指令或错误状态,,,AE,正确项体现了该主题的安全属性和工程控制：时钟毛刺通过缩短或扰动时钟周期破坏时序，可能引发跳指令或错误状态；并应监视时钟完整性并采用冗余检查。其余项要么错误描述能力边界，要么以无关控制替代必要防护。,时钟故障
Y112,单选,侧信道与故障注入,扩展,在“环境传感器”的工程评审中，以下哪项判断正确？,只凭宣传、单次测试或默认配置即可判断安全性。,电压、频率、温度和光照等传感器可发现异常环境，但阈值设计需平衡误报与漏报,把传感器读数直接暴露给普通应用,认为单个传感器可覆盖全部攻击,,,,B,电压、频率、温度和光照等传感器可发现异常环境，但阈值设计需平衡误报与漏报。工程上应把检测结果接入安全状态机；其余选项混淆了安全目标、攻击面或防护边界。,环境检测
Y162,多选,侧信道与故障注入,扩展,关于“环境传感器”，哪些认识或做法正确？,把传感器读数直接暴露给普通应用,认为单个传感器可覆盖全部攻击,只要设备处于内网或有外壳保护，就无需做针对性安全验证。,电压、频率、温度和光照等传感器可发现异常环境，但阈值设计需平衡误报与漏报,把检测结果接入安全状态机,,,DE,正确项体现了该主题的安全属性和工程控制：电压、频率、温度和光照等传感器可发现异常环境，但阈值设计需平衡误报与漏报；并应把检测结果接入安全状态机。其余项要么错误描述能力边界，要么以无关控制替代必要防护。,环境检测
Y113,单选,侧信道与故障注入,扩展,在“密钥零化”的工程评审中，以下哪项判断正确？,检测到严重物理攻击时，清除易失密钥和敏感状态可缩小攻击窗口,只删除日志而保留会话密钥,在异常后继续服务并延迟处理,只凭宣传、单次测试或默认配置即可判断安全性。,,,,A,检测到严重物理攻击时，清除易失密钥和敏感状态可缩小攻击窗口。工程上应确保零化路径不可被故障轻易跳过；其余选项混淆了安全目标、攻击面或防护边界。,密钥零化
Y163,多选,侧信道与故障注入,扩展,关于“密钥零化”，哪些认识或做法正确？,在异常后继续服务并延迟处理,只要设备处于内网或有外壳保护，就无需做针对性安全验证。,检测到严重物理攻击时，清除易失密钥和敏感状态可缩小攻击窗口,确保零化路径不可被故障轻易跳过,只删除日志而保留会话密钥,,,CD,正确项体现了该主题的安全属性和工程控制：检测到严重物理攻击时，清除易失密钥和敏感状态可缩小攻击窗口；并应确保零化路径不可被故障轻易跳过。其余项要么错误描述能力边界，要么以无关控制替代必要防护。,密钥零化
Y114,单选,侧信道与故障注入,扩展,在“故障感染”的工程评审中，以下哪项判断正确？,把错误输出固定为可预测常数,认为感染无需检测条件,只凭宣传、单次测试或默认配置即可判断安全性。,感染式对策在检测到错误时让输出变为无用随机值或安全失败，防止攻击者利用正确/错误差异,,,,D,感染式对策在检测到错误时让输出变为无用随机值或安全失败，防止攻击者利用正确/错误差异。工程上应与完整性检查联合设计；其余选项混淆了安全目标、攻击面或防护边界。,故障感染
Y164,多选,侧信道与故障注入,扩展,关于“故障感染”，哪些认识或做法正确？,只要设备处于内网或有外壳保护，就无需做针对性安全验证。,感染式对策在检测到错误时让输出变为无用随机值或安全失败，防止攻击者利用正确/错误差异,与完整性检查联合设计,把错误输出固定为可预测常数,认为感染无需检测条件,,,BC,正确项体现了该主题的安全属性和工程控制：感染式对策在检测到错误时让输出变为无用随机值或安全失败，防止攻击者利用正确/错误差异；并应与完整性检查联合设计。其余项要么错误描述能力边界，要么以无关控制替代必要防护。,故障感染
Y115,单选,侧信道与故障注入,扩展,在“共模故障”的工程评审中，以下哪项判断正确？,只增加重复次数而不分析共模,只凭宣传、单次测试或默认配置即可判断安全性。,冗余设计若使用同一路电源、时钟和布局，可能被一次注入同时影响,把复制同一逻辑视为必然独立,,,,C,冗余设计若使用同一路电源、时钟和布局，可能被一次注入同时影响。工程上应使冗余路径在时间或资源上分离；其余选项混淆了安全目标、攻击面或防护边界。,共模故障
Y165,多选,侧信道与故障注入,扩展,关于“共模故障”，哪些认识或做法正确？,冗余设计若使用同一路电源、时钟和布局，可能被一次注入同时影响,使冗余路径在时间或资源上分离,把复制同一逻辑视为必然独立,只增加重复次数而不分析共模,只要设备处于内网或有外壳保护，就无需做针对性安全验证。,,,AB,正确项体现了该主题的安全属性和工程控制：冗余设计若使用同一路电源、时钟和布局，可能被一次注入同时影响；并应使冗余路径在时间或资源上分离。其余项要么错误描述能力边界，要么以无关控制替代必要防护。,共模故障
Y116,单选,侧信道与故障注入,扩展,在“去封装风险”的工程评审中，以下哪项判断正确？,只凭宣传、单次测试或默认配置即可判断安全性。,去封装可使攻击者获得探针或激光可达性，因此高价值芯片应考虑封装与传感协同,认为环氧封装等于不可攻击,只在软件层记录开盖事件,,,,B,去封装可使攻击者获得探针或激光可达性，因此高价值芯片应考虑封装与传感协同。工程上应评估物理攻击成本与检测能力；其余选项混淆了安全目标、攻击面或防护边界。,防拆封
Y166,多选,侧信道与故障注入,扩展,关于“去封装风险”，哪些认识或做法正确？,评估物理攻击成本与检测能力,认为环氧封装等于不可攻击,只在软件层记录开盖事件,只要设备处于内网或有外壳保护，就无需做针对性安全验证。,去封装可使攻击者获得探针或激光可达性，因此高价值芯片应考虑封装与传感协同,,,AE,正确项体现了该主题的安全属性和工程控制：去封装可使攻击者获得探针或激光可达性，因此高价值芯片应考虑封装与传感协同；并应评估物理攻击成本与检测能力。其余项要么错误描述能力边界，要么以无关控制替代必要防护。,防拆封
Y117,单选,侧信道与故障注入,扩展,在“电磁屏蔽”的工程评审中，以下哪项判断正确？,屏蔽可降低电磁泄漏或注入耦合，但效果依赖频段、开孔、接地和整体设计,把任意金属片当作完整屏蔽,认为屏蔽能替代密码算法,只凭宣传、单次测试或默认配置即可判断安全性。,,,,A,屏蔽可降低电磁泄漏或注入耦合，但效果依赖频段、开孔、接地和整体设计。工程上应在系统级实测屏蔽效果；其余选项混淆了安全目标、攻击面或防护边界。,EM 防护
Y167,多选,侧信道与故障注入,扩展,关于“电磁屏蔽”，哪些认识或做法正确？,把任意金属片当作完整屏蔽,认为屏蔽能替代密码算法,只要设备处于内网或有外壳保护，就无需做针对性安全验证。,屏蔽可降低电磁泄漏或注入耦合，但效果依赖频段、开孔、接地和整体设计,在系统级实测屏蔽效果,,,DE,正确项体现了该主题的安全属性和工程控制：屏蔽可降低电磁泄漏或注入耦合，但效果依赖频段、开孔、接地和整体设计；并应在系统级实测屏蔽效果。其余项要么错误描述能力边界，要么以无关控制替代必要防护。,EM 防护
Y118,单选,侧信道与故障注入,扩展,在“功耗去耦”的工程评审中，以下哪项判断正确？,只堆叠电容即可消除相关性,把去耦当作随机数源,只凭宣传、单次测试或默认配置即可判断安全性。,去耦网络影响功耗测量特征和供电稳定性，但不是对 DPA 的充分防护,,,,D,去耦网络影响功耗测量特征和供电稳定性，但不是对 DPA 的充分防护。工程上应与掩码和布局措施共同评估；其余选项混淆了安全目标、攻击面或防护边界。,功耗防护
Y168,多选,侧信道与故障注入,扩展,关于“功耗去耦”，哪些认识或做法正确？,把去耦当作随机数源,只要设备处于内网或有外壳保护，就无需做针对性安全验证。,去耦网络影响功耗测量特征和供电稳定性，但不是对 DPA 的充分防护,与掩码和布局措施共同评估,只堆叠电容即可消除相关性,,,CD,正确项体现了该主题的安全属性和工程控制：去耦网络影响功耗测量特征和供电稳定性，但不是对 DPA 的充分防护；并应与掩码和布局措施共同评估。其余项要么错误描述能力边界，要么以无关控制替代必要防护。,功耗防护
Y119,单选,侧信道与故障注入,扩展,在“攻击复现”的工程评审中，以下哪项判断正确？,随意更换固件后比较结果,只凭宣传、单次测试或默认配置即可判断安全性。,故障和侧信道结论应记录芯片版本、板级条件、触发方式、样本量与成功率,只保留“成功/失败”口头结论,,,,C,故障和侧信道结论应记录芯片版本、板级条件、触发方式、样本量与成功率。工程上应保存可复现实验脚本和数据摘要；其余选项混淆了安全目标、攻击面或防护边界。,测试可复现性
Y169,多选,侧信道与故障注入,扩展,关于“攻击复现”，哪些认识或做法正确？,只要设备处于内网或有外壳保护，就无需做针对性安全验证。,故障和侧信道结论应记录芯片版本、板级条件、触发方式、样本量与成功率,保存可复现实验脚本和数据摘要,只保留“成功/失败”口头结论,随意更换固件后比较结果,,,BC,正确项体现了该主题的安全属性和工程控制：故障和侧信道结论应记录芯片版本、板级条件、触发方式、样本量与成功率；并应保存可复现实验脚本和数据摘要。其余项要么错误描述能力边界，要么以无关控制替代必要防护。,测试可复现性
Y120,单选,侧信道与故障注入,扩展,在“安全测试授权”的工程评审中，以下哪项判断正确？,只凭宣传、单次测试或默认配置即可判断安全性。,物理攻击测试需在授权范围、隔离环境和明确资产处置流程下进行,在生产设备上无授权进行注入,把测试样机接入真实生产网络,,,,B,物理攻击测试需在授权范围、隔离环境和明确资产处置流程下进行。工程上应定义目标、边界和密钥处理规则；其余选项混淆了安全目标、攻击面或防护边界。,测试治理
Y170,多选,侧信道与故障注入,扩展,关于“安全测试授权”，哪些认识或做法正确？,物理攻击测试需在授权范围、隔离环境和明确资产处置流程下进行,定义目标、边界和密钥处理规则,在生产设备上无授权进行注入,把测试样机接入真实生产网络,只要设备处于内网或有外壳保护，就无需做针对性安全验证。,,,AB,正确项体现了该主题的安全属性和工程控制：物理攻击测试需在授权范围、隔离环境和明确资产处置流程下进行；并应定义目标、边界和密钥处理规则。其余项要么错误描述能力边界，要么以无关控制替代必要防护。,测试治理
Y121,单选,侧信道与故障注入,扩展,在“故障覆盖率”的工程评审中，以下哪项判断正确？,故障防护需覆盖认证、密钥使用、权限检查和错误处理等关键路径,只保护加密核心而忽略控制流,把覆盖率等同于代码行数,只凭宣传、单次测试或默认配置即可判断安全性。,,,,A,故障防护需覆盖认证、密钥使用、权限检查和错误处理等关键路径。工程上应基于威胁模型列出关键安全决策点；其余选项混淆了安全目标、攻击面或防护边界。,故障覆盖
Y171,多选,侧信道与故障注入,扩展,关于“故障覆盖率”，哪些认识或做法正确？,基于威胁模型列出关键安全决策点,只保护加密核心而忽略控制流,把覆盖率等同于代码行数,只要设备处于内网或有外壳保护，就无需做针对性安全验证。,故障防护需覆盖认证、密钥使用、权限检查和错误处理等关键路径,,,AE,正确项体现了该主题的安全属性和工程控制：故障防护需覆盖认证、密钥使用、权限检查和错误处理等关键路径；并应基于威胁模型列出关键安全决策点。其余项要么错误描述能力边界，要么以无关控制替代必要防护。,故障覆盖
Y122,单选,硬件可信根,扩展,在“不可变根”的工程评审中，以下哪项判断正确？,把根公钥放在可写配置分区,认为每次启动下载根密钥更安全,只凭宣传、单次测试或默认配置即可判断安全性。,启动根代码和根公钥应置于难以修改的存储或受保护配置中,,,,D,启动根代码和根公钥应置于难以修改的存储或受保护配置中。工程上应限制根更新并要求可信授权；其余选项混淆了安全目标、攻击面或防护边界。,启动根
Y172,多选,硬件可信根,扩展,关于“不可变根”，哪些认识或做法正确？,把根公钥放在可写配置分区,认为每次启动下载根密钥更安全,只要设备处于内网或有外壳保护，就无需做针对性安全验证。,启动根代码和根公钥应置于难以修改的存储或受保护配置中,限制根更新并要求可信授权,,,DE,正确项体现了该主题的安全属性和工程控制：启动根代码和根公钥应置于难以修改的存储或受保护配置中；并应限制根更新并要求可信授权。其余项要么错误描述能力边界，要么以无关控制替代必要防护。,启动根
Y123,单选,硬件可信根,扩展,在“回滚保护”的工程评审中，以下哪项判断正确？,允许攻击者任选历史签名镜像,只凭宣传、单次测试或默认配置即可判断安全性。,安全启动还需防止回滚到已知脆弱但签名有效的旧版本,只验证签名不检查版本,,,,C,安全启动还需防止回滚到已知脆弱但签名有效的旧版本。工程上应维护受保护的最低版本策略；其余选项混淆了安全目标、攻击面或防护边界。,反回滚
Y173,多选,硬件可信根,扩展,关于“回滚保护”，哪些认识或做法正确？,允许攻击者任选历史签名镜像,只要设备处于内网或有外壳保护，就无需做针对性安全验证。,安全启动还需防止回滚到已知脆弱但签名有效的旧版本,维护受保护的最低版本策略,只验证签名不检查版本,,,CD,正确项体现了该主题的安全属性和工程控制：安全启动还需防止回滚到已知脆弱但签名有效的旧版本；并应维护受保护的最低版本策略。其余项要么错误描述能力边界，要么以无关控制替代必要防护。,反回滚
Y124,单选,硬件可信根,扩展,在“固件更新”的工程评审中，以下哪项判断正确？,只凭宣传、单次测试或默认配置即可判断安全性。,安全更新应验证来源、签名、版本、目标型号和安装完整性,先覆盖唯一启动分区再验证,接受任意型号的签名包,,,,B,安全更新应验证来源、签名、版本、目标型号和安装完整性。工程上应失败时回退到已验证镜像；其余选项混淆了安全目标、攻击面或防护边界。,安全更新
Y174,多选,硬件可信根,扩展,关于“固件更新”，哪些认识或做法正确？,只要设备处于内网或有外壳保护，就无需做针对性安全验证。,安全更新应验证来源、签名、版本、目标型号和安装完整性,失败时回退到已验证镜像,先覆盖唯一启动分区再验证,接受任意型号的签名包,,,BC,正确项体现了该主题的安全属性和工程控制：安全更新应验证来源、签名、版本、目标型号和安装完整性；并应失败时回退到已验证镜像。其余项要么错误描述能力边界，要么以无关控制替代必要防护。,安全更新
Y125,单选,硬件可信根,扩展,在“密钥层级”的工程评审中，以下哪项判断正确？,密钥层级将根密钥、设备密钥、会话密钥职责分离，降低单点暴露范围,用一把主密钥加密所有用途,让应用直接访问根密钥,只凭宣传、单次测试或默认配置即可判断安全性。,,,,A,密钥层级将根密钥、设备密钥、会话密钥职责分离，降低单点暴露范围。工程上应最小化可导出密钥材料；其余选项混淆了安全目标、攻击面或防护边界。,密钥层级
Y175,多选,硬件可信根,扩展,关于“密钥层级”，哪些认识或做法正确？,密钥层级将根密钥、设备密钥、会话密钥职责分离，降低单点暴露范围,最小化可导出密钥材料,用一把主密钥加密所有用途,让应用直接访问根密钥,只要设备处于内网或有外壳保护，就无需做针对性安全验证。,,,AB,正确项体现了该主题的安全属性和工程控制：密钥层级将根密钥、设备密钥、会话密钥职责分离，降低单点暴露范围；并应最小化可导出密钥材料。其余项要么错误描述能力边界，要么以无关控制替代必要防护。,密钥层级
Y126,单选,硬件可信根,扩展,在“设备身份”的工程评审中，以下哪项判断正确？,所有出厂设备使用同一私钥,把 MAC 地址当作密码身份,只凭宣传、单次测试或默认配置即可判断安全性。,设备唯一身份密钥可支持注册、证明和安全通信，应避免克隆和批量共享,,,,D,设备唯一身份密钥可支持注册、证明和安全通信，应避免克隆和批量共享。工程上应在受保护硬件中生成或注入；其余选项混淆了安全目标、攻击面或防护边界。,设备身份
Y176,多选,硬件可信根,扩展,关于“设备身份”，哪些认识或做法正确？,在受保护硬件中生成或注入,所有出厂设备使用同一私钥,把 MAC 地址当作密码身份,只要设备处于内网或有外壳保护，就无需做针对性安全验证。,设备唯一身份密钥可支持注册、证明和安全通信，应避免克隆和批量共享,,,AE,正确项体现了该主题的安全属性和工程控制：设备唯一身份密钥可支持注册、证明和安全通信，应避免克隆和批量共享；并应在受保护硬件中生成或注入。其余项要么错误描述能力边界，要么以无关控制替代必要防护。,设备身份
Y127,单选,硬件可信根,扩展,在“证明验证”的工程评审中，以下哪项判断正确？,忽略挑战 nonce,只凭宣传、单次测试或默认配置即可判断安全性。,验证方应将证明中的度量映射到批准策略，而非只检查报告签名存在,看到厂商签名就无条件放行,,,,C,验证方应将证明中的度量映射到批准策略，而非只检查报告签名存在。工程上应维护允许版本和配置基线；其余选项混淆了安全目标、攻击面或防护边界。,证明策略
Y177,多选,硬件可信根,扩展,关于“证明验证”，哪些认识或做法正确？,看到厂商签名就无条件放行,忽略挑战 nonce,只要设备处于内网或有外壳保护，就无需做针对性安全验证。,验证方应将证明中的度量映射到批准策略，而非只检查报告签名存在,维护允许版本和配置基线,,,DE,正确项体现了该主题的安全属性和工程控制：验证方应将证明中的度量映射到批准策略，而非只检查报告签名存在；并应维护允许版本和配置基线。其余项要么错误描述能力边界，要么以无关控制替代必要防护。,证明策略
Y128,单选,硬件可信根,扩展,在“HSM 分权”的工程评审中，以下哪项判断正确？,只凭宣传、单次测试或默认配置即可判断安全性。,HSM 的安全效果还依赖角色分离、双人授权、审计和备份恢复流程,让单一管理员可导出全部密钥,把审计日志保存在可覆盖文件中,,,,B,HSM 的安全效果还依赖角色分离、双人授权、审计和备份恢复流程。工程上应为敏感密钥操作设置审批；其余选项混淆了安全目标、攻击面或防护边界。,HSM 运维
Y178,多选,硬件可信根,扩展,关于“HSM 分权”，哪些认识或做法正确？,把审计日志保存在可覆盖文件中,只要设备处于内网或有外壳保护，就无需做针对性安全验证。,HSM 的安全效果还依赖角色分离、双人授权、审计和备份恢复流程,为敏感密钥操作设置审批,让单一管理员可导出全部密钥,,,CD,正确项体现了该主题的安全属性和工程控制：HSM 的安全效果还依赖角色分离、双人授权、审计和备份恢复流程；并应为敏感密钥操作设置审批。其余项要么错误描述能力边界，要么以无关控制替代必要防护。,HSM 运维
Y129,单选,TEE 与机密计算,扩展,在“TCB 最小化”的工程评审中，以下哪项判断正确？,减小 TCB 能降低需信任和审计的代码量，但不等于忽略接口安全,把所有依赖都搬入 TEE,认为 TCB 小就无需补丁,只凭宣传、单次测试或默认配置即可判断安全性。,,,,A,减小 TCB 能降低需信任和审计的代码量，但不等于忽略接口安全。工程上应缩减高权限组件和入口；其余选项混淆了安全目标、攻击面或防护边界。,TCB
Y179,多选,TEE 与机密计算,扩展,关于“TCB 最小化”，哪些认识或做法正确？,只要设备处于内网或有外壳保护，就无需做针对性安全验证。,减小 TCB 能降低需信任和审计的代码量，但不等于忽略接口安全,缩减高权限组件和入口,把所有依赖都搬入 TEE,认为 TCB 小就无需补丁,,,BC,正确项体现了该主题的安全属性和工程控制：减小 TCB 能降低需信任和审计的代码量，但不等于忽略接口安全；并应缩减高权限组件和入口。其余项要么错误描述能力边界，要么以无关控制替代必要防护。,TCB
Y130,单选,TEE 与机密计算,扩展,在“enclave 接口”的工程评审中，以下哪项判断正确？,直接解引用宿主提供的地址,认为 enclave 内部自动免疫逻辑漏洞,只凭宣传、单次测试或默认配置即可判断安全性。,enclave 边界调用需验证长度、指针、序列和返回值，防止不可信宿主诱导错误,,,,D,enclave 边界调用需验证长度、指针、序列和返回值，防止不可信宿主诱导错误。工程上应把宿主输入视为不可信；其余选项混淆了安全目标、攻击面或防护边界。,Enclave 接口
Y180,多选,TEE 与机密计算,扩展,关于“enclave 接口”，哪些认识或做法正确？,enclave 边界调用需验证长度、指针、序列和返回值，防止不可信宿主诱导错误,把宿主输入视为不可信,直接解引用宿主提供的地址,认为 enclave 内部自动免疫逻辑漏洞,只要设备处于内网或有外壳保护，就无需做针对性安全验证。,,,AB,正确项体现了该主题的安全属性和工程控制：enclave 边界调用需验证长度、指针、序列和返回值，防止不可信宿主诱导错误；并应把宿主输入视为不可信。其余项要么错误描述能力边界，要么以无关控制替代必要防护。,Enclave 接口
Y131,单选,TEE 与机密计算,扩展,在“机密虚机”的工程评审中，以下哪项判断正确？,把 CVM 当作网络隔离替代品,只凭宣传、单次测试或默认配置即可判断安全性。,机密虚机主要保护客体内存和状态免受宿主窥探，应用仍须防御自身漏洞,认为 CVM 可阻止客体管理员滥用权限,,,,C,机密虚机主要保护客体内存和状态免受宿主窥探，应用仍须防御自身漏洞。工程上应将 OS 补丁与证明策略结合；其余选项混淆了安全目标、攻击面或防护边界。,CVM
Y181,多选,TEE 与机密计算,扩展,关于“机密虚机”，哪些认识或做法正确？,将 OS 补丁与证明策略结合,认为 CVM 可阻止客体管理员滥用权限,把 CVM 当作网络隔离替代品,只要设备处于内网或有外壳保护，就无需做针对性安全验证。,机密虚机主要保护客体内存和状态免受宿主窥探，应用仍须防御自身漏洞,,,AE,正确项体现了该主题的安全属性和工程控制：机密虚机主要保护客体内存和状态免受宿主窥探，应用仍须防御自身漏洞；并应将 OS 补丁与证明策略结合。其余项要么错误描述能力边界，要么以无关控制替代必要防护。,CVM
Y132,单选,TEE 与机密计算,扩展,在“证明新鲜度”的工程评审中，以下哪项判断正确？,只凭宣传、单次测试或默认配置即可判断安全性。,证明中使用验证方 nonce 可绑定本次会话，降低重放旧健康报告的风险,长期复用同一 nonce,只比较报告生成时间字符串,,,,B,证明中使用验证方 nonce 可绑定本次会话，降低重放旧健康报告的风险。工程上应每次验证生成新挑战；其余选项混淆了安全目标、攻击面或防护边界。,证明新鲜度
Y182,多选,TEE 与机密计算,扩展,关于“证明新鲜度”，哪些认识或做法正确？,长期复用同一 nonce,只比较报告生成时间字符串,只要设备处于内网或有外壳保护，就无需做针对性安全验证。,证明中使用验证方 nonce 可绑定本次会话，降低重放旧健康报告的风险,每次验证生成新挑战,,,DE,正确项体现了该主题的安全属性和工程控制：证明中使用验证方 nonce 可绑定本次会话，降低重放旧健康报告的风险；并应每次验证生成新挑战。其余项要么错误描述能力边界，要么以无关控制替代必要防护。,证明新鲜度
Y133,单选,TEE 与机密计算,扩展,在“密封存储”的工程评审中，以下哪项判断正确？,TEE 密封存储应绑定设备或策略状态，并设计迁移、恢复和版本升级机制,把密封数据复制到任意设备即可打开,认为密封可替代备份,只凭宣传、单次测试或默认配置即可判断安全性。,,,,A,TEE 密封存储应绑定设备或策略状态，并设计迁移、恢复和版本升级机制。工程上应规划密钥恢复与轮换；其余选项混淆了安全目标、攻击面或防护边界。,TEE 密封
Y183,多选,TEE 与机密计算,扩展,关于“密封存储”，哪些认识或做法正确？,认为密封可替代备份,只要设备处于内网或有外壳保护，就无需做针对性安全验证。,TEE 密封存储应绑定设备或策略状态，并设计迁移、恢复和版本升级机制,规划密钥恢复与轮换,把密封数据复制到任意设备即可打开,,,CD,正确项体现了该主题的安全属性和工程控制：TEE 密封存储应绑定设备或策略状态，并设计迁移、恢复和版本升级机制；并应规划密钥恢复与轮换。其余项要么错误描述能力边界，要么以无关控制替代必要防护。,TEE 密封
Y134,单选,TEE 与机密计算,扩展,在“页侧信道”的工程评审中，以下哪项判断正确？,认为内存加密隐藏全部访问模式,关闭日志即可解决页侧信道,只凭宣传、单次测试或默认配置即可判断安全性。,受保护执行环境仍可能泄漏页面访问、缓存或分支模式，应避免秘密相关访问模式,,,,D,受保护执行环境仍可能泄漏页面访问、缓存或分支模式，应避免秘密相关访问模式。工程上应采用数据无关访问和系统缓解；其余选项混淆了安全目标、攻击面或防护边界。,TEE 侧信道
Y184,多选,TEE 与机密计算,扩展,关于“页侧信道”，哪些认识或做法正确？,只要设备处于内网或有外壳保护，就无需做针对性安全验证。,受保护执行环境仍可能泄漏页面访问、缓存或分支模式，应避免秘密相关访问模式,采用数据无关访问和系统缓解,认为内存加密隐藏全部访问模式,关闭日志即可解决页侧信道,,,BC,正确项体现了该主题的安全属性和工程控制：受保护执行环境仍可能泄漏页面访问、缓存或分支模式，应避免秘密相关访问模式；并应采用数据无关访问和系统缓解。其余项要么错误描述能力边界，要么以无关控制替代必要防护。,TEE 侧信道
Y135,单选,TEE 与机密计算,扩展,在“可用性边界”的工程评审中，以下哪项判断正确？,把 DoS 归为加密算法问题,只凭宣传、单次测试或默认配置即可判断安全性。,TEE 和机密计算主要关注机密性与完整性，通常不能单独保证拒绝服务可用性,认为证明成功代表服务永不宕机,,,,C,TEE 和机密计算主要关注机密性与完整性，通常不能单独保证拒绝服务可用性。工程上应为关键服务设计容灾和限流；其余选项混淆了安全目标、攻击面或防护边界。,TEE 边界
Y185,多选,TEE 与机密计算,扩展,关于“可用性边界”，哪些认识或做法正确？,TEE 和机密计算主要关注机密性与完整性，通常不能单独保证拒绝服务可用性,为关键服务设计容灾和限流,认为证明成功代表服务永不宕机,把 DoS 归为加密算法问题,只要设备处于内网或有外壳保护，就无需做针对性安全验证。,,,AB,正确项体现了该主题的安全属性和工程控制：TEE 和机密计算主要关注机密性与完整性，通常不能单独保证拒绝服务可用性；并应为关键服务设计容灾和限流。其余项要么错误描述能力边界，要么以无关控制替代必要防护。,TEE 边界
Y136,单选,处理器微架构安全,扩展,在“投机执行”的工程评审中，以下哪项判断正确？,只凭宣传、单次测试或默认配置即可判断安全性。,投机执行为性能提前执行预测路径，错误路径虽架构上撤销仍可能留下微架构痕迹,认为撤销寄存器结果就没有任何痕迹,把投机执行关闭视为唯一方案,,,,B,投机执行为性能提前执行预测路径，错误路径虽架构上撤销仍可能留下微架构痕迹。工程上应避免秘密驱动的投机可观察行为；其余选项混淆了安全目标、攻击面或防护边界。,投机执行
Y186,多选,处理器微架构安全,扩展,关于“投机执行”，哪些认识或做法正确？,避免秘密驱动的投机可观察行为,认为撤销寄存器结果就没有任何痕迹,把投机执行关闭视为唯一方案,只要设备处于内网或有外壳保护，就无需做针对性安全验证。,投机执行为性能提前执行预测路径，错误路径虽架构上撤销仍可能留下微架构痕迹,,,AE,正确项体现了该主题的安全属性和工程控制：投机执行为性能提前执行预测路径，错误路径虽架构上撤销仍可能留下微架构痕迹；并应避免秘密驱动的投机可观察行为。其余项要么错误描述能力边界，要么以无关控制替代必要防护。,投机执行
Y137,单选,处理器微架构安全,扩展,在“分支预测”的工程评审中，以下哪项判断正确？,分支预测器状态可成为跨上下文信息通道，隔离与清理策略取决于平台能力,认为预测器状态天然按进程私有,只清空应用缓存即可,只凭宣传、单次测试或默认配置即可判断安全性。,,,,A,分支预测器状态可成为跨上下文信息通道，隔离与清理策略取决于平台能力。工程上应在高风险边界采用推荐缓解；其余选项混淆了安全目标、攻击面或防护边界。,分支预测
Y187,多选,处理器微架构安全,扩展,关于“分支预测”，哪些认识或做法正确？,认为预测器状态天然按进程私有,只清空应用缓存即可,只要设备处于内网或有外壳保护，就无需做针对性安全验证。,分支预测器状态可成为跨上下文信息通道，隔离与清理策略取决于平台能力,在高风险边界采用推荐缓解,,,DE,正确项体现了该主题的安全属性和工程控制：分支预测器状态可成为跨上下文信息通道，隔离与清理策略取决于平台能力；并应在高风险边界采用推荐缓解。其余项要么错误描述能力边界，要么以无关控制替代必要防护。,分支预测
Y138,单选,处理器微架构安全,扩展,在“缓存隔离”的工程评审中，以下哪项判断正确？,认为虚拟机边界自动物理隔离缓存,只加密磁盘解决缓存问题,只凭宣传、单次测试或默认配置即可判断安全性。,共享缓存会增加跨租户侧信道风险，调度、分区或专核可降低风险但有代价,,,,D,共享缓存会增加跨租户侧信道风险，调度、分区或专核可降低风险但有代价。工程上应按威胁等级安排工作负载；其余选项混淆了安全目标、攻击面或防护边界。,缓存隔离
Y188,多选,处理器微架构安全,扩展,关于“缓存隔离”，哪些认识或做法正确？,认为虚拟机边界自动物理隔离缓存,只加密磁盘解决缓存问题,只要设备处于内网或有外壳保护，就无需做针对性安全验证。,安全设计应记录威胁模型、假设和可验证证据，而非依赖口头保证。,共享缓存会增加跨租户侧信道风险，调度、分区或专核可降低风险但有代价,按威胁等级安排工作负载,,DEF,正确项体现了该主题的安全属性和工程控制：共享缓存会增加跨租户侧信道风险，调度、分区或专核可降低风险但有代价；并应按威胁等级安排工作负载。其余项要么错误描述能力边界，要么以无关控制替代必要防护。,缓存隔离
Y139,单选,处理器微架构安全,扩展,在“微码更新”的工程评审中，以下哪项判断正确？,认为微码更新必定无性能影响,只凭宣传、单次测试或默认配置即可判断安全性。,微码更新可修正部分处理器行为或启用缓解，应与 BIOS 和操作系统兼容性协同验证,只更新操作系统而忽略平台固件,,,,C,微码更新可修正部分处理器行为或启用缓解，应与 BIOS 和操作系统兼容性协同验证。工程上应记录版本并回归测试；其余选项混淆了安全目标、攻击面或防护边界。,微码
Y189,多选,处理器微架构安全,扩展,关于“微码更新”，哪些认识或做法正确？,只要设备处于内网或有外壳保护，就无需做针对性安全验证。,微码更新可修正部分处理器行为或启用缓解，应与 BIOS 和操作系统兼容性协同验证,记录版本并回归测试,只更新操作系统而忽略平台固件,认为微码更新必定无性能影响,,,BC,正确项体现了该主题的安全属性和工程控制：微码更新可修正部分处理器行为或启用缓解，应与 BIOS 和操作系统兼容性协同验证；并应记录版本并回归测试。其余项要么错误描述能力边界，要么以无关控制替代必要防护。,微码
Y140,单选,处理器微架构安全,扩展,在“性能权衡”的工程评审中，以下哪项判断正确？,只凭宣传、单次测试或默认配置即可判断安全性。,微架构缓解可能影响吞吐和延迟，工程上需在风险、工作负载和 SLA 间评估,因有性能损失而默认关闭缓解,把安全与性能视为无法比较,,,,B,微架构缓解可能影响吞吐和延迟，工程上需在风险、工作负载和 SLA 间评估。工程上应量化关键路径影响；其余选项混淆了安全目标、攻击面或防护边界。,风险权衡
Y190,多选,处理器微架构安全,扩展,关于“性能权衡”，哪些认识或做法正确？,微架构缓解可能影响吞吐和延迟，工程上需在风险、工作负载和 SLA 间评估,量化关键路径影响,因有性能损失而默认关闭缓解,把安全与性能视为无法比较,只要设备处于内网或有外壳保护，就无需做针对性安全验证。,,,AB,正确项体现了该主题的安全属性和工程控制：微架构缓解可能影响吞吐和延迟，工程上需在风险、工作负载和 SLA 间评估；并应量化关键路径影响。其余项要么错误描述能力边界，要么以无关控制替代必要防护。,风险权衡
Y141,单选,硬件供应链安全,扩展,在“设计 IP 风险”的工程评审中，以下哪项判断正确？,第三方 IP 核可能引入后门、脆弱逻辑或许可证风险，应进行来源、版本和安全审查,把开源 IP 默认视为无风险,只检查功能仿真结果,只凭宣传、单次测试或默认配置即可判断安全性。,,,,A,第三方 IP 核可能引入后门、脆弱逻辑或许可证风险，应进行来源、版本和安全审查。工程上应维护 IP SBOM 与验证记录；其余选项混淆了安全目标、攻击面或防护边界。,IP 安全
Y191,多选,硬件供应链安全,扩展,关于“设计 IP 风险”，哪些认识或做法正确？,维护 IP SBOM 与验证记录,把开源 IP 默认视为无风险,只检查功能仿真结果,只要设备处于内网或有外壳保护，就无需做针对性安全验证。,第三方 IP 核可能引入后门、脆弱逻辑或许可证风险，应进行来源、版本和安全审查,,,AE,正确项体现了该主题的安全属性和工程控制：第三方 IP 核可能引入后门、脆弱逻辑或许可证风险，应进行来源、版本和安全审查；并应维护 IP SBOM 与验证记录。其余项要么错误描述能力边界，要么以无关控制替代必要防护。,IP 安全
Y142,单选,硬件供应链安全,扩展,在“网表与版图审查”的工程评审中，以下哪项判断正确？,只比较文件名就认为一致,认为流片后无法发现任何异常,只凭宣传、单次测试或默认配置即可判断安全性。,对高价值设计可通过形式验证、网表比对和版图审查发现异常改动,,,,D,对高价值设计可通过形式验证、网表比对和版图审查发现异常改动。工程上应将签核工件纳入受控流程；其余选项混淆了安全目标、攻击面或防护边界。,设计完整性
Y192,多选,硬件供应链安全,扩展,关于“网表与版图审查”，哪些认识或做法正确？,只比较文件名就认为一致,认为流片后无法发现任何异常,只要设备处于内网或有外壳保护，就无需做针对性安全验证。,对高价值设计可通过形式验证、网表比对和版图审查发现异常改动,将签核工件纳入受控流程,,,DE,正确项体现了该主题的安全属性和工程控制：对高价值设计可通过形式验证、网表比对和版图审查发现异常改动；并应将签核工件纳入受控流程。其余项要么错误描述能力边界，要么以无关控制替代必要防护。,设计完整性
Y143,单选,硬件供应链安全,扩展,在“来料检验”的工程评审中，以下哪项判断正确？,认为抽检结果可证明全部批次,只凭宣传、单次测试或默认配置即可判断安全性。,关键器件来料检验可结合外观、X-ray、电性、序列号和抽样测试,只凭供应商邮件确认真伪,,,,C,关键器件来料检验可结合外观、X-ray、电性、序列号和抽样测试。工程上应按风险分级确定检验深度；其余选项混淆了安全目标、攻击面或防护边界。,来料安全
Y193,多选,硬件供应链安全,扩展,关于“来料检验”，哪些认识或做法正确？,认为抽检结果可证明全部批次,只要设备处于内网或有外壳保护，就无需做针对性安全验证。,关键器件来料检验可结合外观、X-ray、电性、序列号和抽样测试,按风险分级确定检验深度,只凭供应商邮件确认真伪,,,CD,正确项体现了该主题的安全属性和工程控制：关键器件来料检验可结合外观、X-ray、电性、序列号和抽样测试；并应按风险分级确定检验深度。其余项要么错误描述能力边界，要么以无关控制替代必要防护。,来料安全
Y144,单选,硬件供应链安全,扩展,在“返修链路”的工程评审中，以下哪项判断正确？,只凭宣传、单次测试或默认配置即可判断安全性。,返修、RMA 和维修环节可能引入部件替换或调试口暴露，应保持资产与配置追踪,把返修设备直接接回生产网络,认为维修记录不属于安全资料,,,,B,返修、RMA 和维修环节可能引入部件替换或调试口暴露，应保持资产与配置追踪。工程上应复验安全状态后再入网；其余选项混淆了安全目标、攻击面或防护边界。,维修安全
Y194,多选,硬件供应链安全,扩展,关于“返修链路”，哪些认识或做法正确？,只要设备处于内网或有外壳保护，就无需做针对性安全验证。,返修、RMA 和维修环节可能引入部件替换或调试口暴露，应保持资产与配置追踪,复验安全状态后再入网,把返修设备直接接回生产网络,认为维修记录不属于安全资料,,,BC,正确项体现了该主题的安全属性和工程控制：返修、RMA 和维修环节可能引入部件替换或调试口暴露，应保持资产与配置追踪；并应复验安全状态后再入网。其余项要么错误描述能力边界，要么以无关控制替代必要防护。,维修安全
Y145,单选,硬件供应链安全,扩展,在“安全处置”的工程评审中，以下哪项判断正确？,报废设备可能残留密钥、固件和存储数据，应执行擦除、销毁或受控回收,只删除用户文件,把断电等同于数据清除,只凭宣传、单次测试或默认配置即可判断安全性。,,,,A,报废设备可能残留密钥、固件和存储数据，应执行擦除、销毁或受控回收。工程上应验证擦除并记录资产去向；其余选项混淆了安全目标、攻击面或防护边界。,生命周期处置
Y195,多选,硬件供应链安全,扩展,关于“安全处置”，哪些认识或做法正确？,报废设备可能残留密钥、固件和存储数据，应执行擦除、销毁或受控回收,验证擦除并记录资产去向,只删除用户文件,把断电等同于数据清除,只要设备处于内网或有外壳保护，就无需做针对性安全验证。,,,AB,正确项体现了该主题的安全属性和工程控制：报废设备可能残留密钥、固件和存储数据，应执行擦除、销毁或受控回收；并应验证擦除并记录资产去向。其余项要么错误描述能力边界，要么以无关控制替代必要防护。,生命周期处置
Y146,单选,调试接口安全,扩展,在“SWD 风险”的工程评审中，以下哪项判断正确？,认为 SWD 仅能读取状态灯,只更换连接器即可防护,只凭宣传、单次测试或默认配置即可判断安全性。,SWD 与 JTAG 类似可提供 Arm 芯片调试访问，量产设备需纳入同等控制,,,,D,SWD 与 JTAG 类似可提供 Arm 芯片调试访问，量产设备需纳入同等控制。工程上应锁定或按认证策略启用 SWD；其余选项混淆了安全目标、攻击面或防护边界。,SWD
Y196,多选,调试接口安全,扩展,关于“SWD 风险”，哪些认识或做法正确？,锁定或按认证策略启用 SWD,认为 SWD 仅能读取状态灯,只更换连接器即可防护,只要设备处于内网或有外壳保护，就无需做针对性安全验证。,SWD 与 JTAG 类似可提供 Arm 芯片调试访问，量产设备需纳入同等控制,,,AE,正确项体现了该主题的安全属性和工程控制：SWD 与 JTAG 类似可提供 Arm 芯片调试访问，量产设备需纳入同等控制；并应锁定或按认证策略启用 SWD。其余项要么错误描述能力边界，要么以无关控制替代必要防护。,SWD
Y147,单选,调试接口安全,扩展,在“启动日志”的工程评审中，以下哪项判断正确？,认为日志不会被物理攻击者读取,只凭宣传、单次测试或默认配置即可判断安全性。,启动日志可能泄露地址、版本、密钥状态或故障细节，生产环境应最小化敏感输出,把完整调试日志永久输出到 UART,,,,C,启动日志可能泄露地址、版本、密钥状态或故障细节，生产环境应最小化敏感输出。工程上应按角色控制日志级别；其余选项混淆了安全目标、攻击面或防护边界。,启动日志
Y197,多选,调试接口安全,扩展,关于“启动日志”，哪些认识或做法正确？,把完整调试日志永久输出到 UART,认为日志不会被物理攻击者读取,只要设备处于内网或有外壳保护，就无需做针对性安全验证。,启动日志可能泄露地址、版本、密钥状态或故障细节，生产环境应最小化敏感输出,按角色控制日志级别,,,DE,正确项体现了该主题的安全属性和工程控制：启动日志可能泄露地址、版本、密钥状态或故障细节，生产环境应最小化敏感输出；并应按角色控制日志级别。其余项要么错误描述能力边界，要么以无关控制替代必要防护。,启动日志
Y148,单选,调试接口安全,扩展,在“默认口令”的工程评审中，以下哪项判断正确？,只凭宣传、单次测试或默认配置即可判断安全性。,调试服务的默认口令会形成批量可利用入口，应消除或强制首次安全配置,用公开手册中的万能密码,把序列号当作唯一口令,,,,B,调试服务的默认口令会形成批量可利用入口，应消除或强制首次安全配置。工程上应使用设备唯一凭据；其余选项混淆了安全目标、攻击面或防护边界。,默认凭据
Y198,多选,调试接口安全,扩展,关于“默认口令”，哪些认识或做法正确？,把序列号当作唯一口令,只要设备处于内网或有外壳保护，就无需做针对性安全验证。,调试服务的默认口令会形成批量可利用入口，应消除或强制首次安全配置,使用设备唯一凭据,用公开手册中的万能密码,,,CD,正确项体现了该主题的安全属性和工程控制：调试服务的默认口令会形成批量可利用入口，应消除或强制首次安全配置；并应使用设备唯一凭据。其余项要么错误描述能力边界，要么以无关控制替代必要防护。,默认凭据
Y149,单选,调试接口安全,扩展,在“维护接口”的工程评审中，以下哪项判断正确？,维护接口应区分诊断、升级和高危调试权限，并记录谁在何时执行何操作,让维护账户拥有永久 root 权限,认为现场维护无需身份验证,只凭宣传、单次测试或默认配置即可判断安全性。,,,,A,维护接口应区分诊断、升级和高危调试权限，并记录谁在何时执行何操作。工程上应实施最小权限和审计；其余选项混淆了安全目标、攻击面或防护边界。,维护安全
Y199,多选,调试接口安全,扩展,关于“维护接口”，哪些认识或做法正确？,只要设备处于内网或有外壳保护，就无需做针对性安全验证。,维护接口应区分诊断、升级和高危调试权限，并记录谁在何时执行何操作,实施最小权限和审计,让维护账户拥有永久 root 权限,认为现场维护无需身份验证,,,BC,正确项体现了该主题的安全属性和工程控制：维护接口应区分诊断、升级和高危调试权限，并记录谁在何时执行何操作；并应实施最小权限和审计。其余项要么错误描述能力边界，要么以无关控制替代必要防护。,维护安全
Y150,单选,调试接口安全,扩展,在“物理访问”的工程评审中，以下哪项判断正确？,认为机房门禁可替代所有逻辑控制,只贴防拆标签即可,只凭宣传、单次测试或默认配置即可判断安全性。,接口安全不能脱离物理访问控制，攻击者接触设备可能尝试探针、替换或启动介质攻击,,,,D,接口安全不能脱离物理访问控制，攻击者接触设备可能尝试探针、替换或启动介质攻击。工程上应保护机柜和检修流程；其余选项混淆了安全目标、攻击面或防护边界。,物理访问
Y200,多选,调试接口安全,扩展,关于“物理访问”，哪些认识或做法正确？,保护机柜和检修流程,认为机房门禁可替代所有逻辑控制,只贴防拆标签即可,只要设备处于内网或有外壳保护，就无需做针对性安全验证。,发生异常时，应优先保持证据、限制影响并按授权流程处置。,将高权限账号和生产密钥共享给所有维护人员可提高响应效率。,接口安全不能脱离物理访问控制，攻击者接触设备可能尝试探针、替换或启动介质攻击,AEG,正确项体现了该主题的安全属性和工程控制：接口安全不能脱离物理访问控制，攻击者接触设备可能尝试探针、替换或启动介质攻击；并应保护机柜和检修流程。其余项要么错误描述能力边界，要么以无关控制替代必要防护。,物理访问
Y201,单选,固件与安全启动,扩展,在“UEFI Secure Boot”的工程评审中，以下哪项判断正确？,UEFI Secure Boot 通过受信密钥和签名策略验证启动加载器，需同时管理密钥更新与撤销,把 Secure Boot 当作磁盘加密,只要启用开关就无需管理撤销,只凭宣传、单次测试或默认配置即可判断安全性。,,,,A,UEFI Secure Boot 通过受信密钥和签名策略验证启动加载器，需同时管理密钥更新与撤销。工程上应维护 db、dbx 和恢复流程；其余选项混淆了安全目标、攻击面或防护边界。,UEFI 安全启动
Y251,多选,固件与安全启动,扩展,关于“UEFI Secure Boot”，哪些认识或做法正确？,维护 db、dbx 和恢复流程,把 Secure Boot 当作磁盘加密,只要启用开关就无需管理撤销,只要设备处于内网或有外壳保护，就无需做针对性安全验证。,UEFI Secure Boot 通过受信密钥和签名策略验证启动加载器，需同时管理密钥更新与撤销,,,AE,正确项体现了该主题的安全属性和工程控制：UEFI Secure Boot 通过受信密钥和签名策略验证启动加载器，需同时管理密钥更新与撤销；并应维护 db、dbx 和恢复流程。其余项要么错误描述能力边界，要么以无关控制替代必要防护。,UEFI 安全启动
Y202,单选,固件与安全启动,扩展,在“Measured Boot”的工程评审中，以下哪项判断正确？,把测量日志当作自动阻断机制,允许任意组件覆盖历史度量,只凭宣传、单次测试或默认配置即可判断安全性。,Measured Boot 记录启动组件度量供证明使用，常与 TPM 和远程验证结合,,,,D,Measured Boot 记录启动组件度量供证明使用，常与 TPM 和远程验证结合。工程上应将测量日志与 PCR 报价关联；其余选项混淆了安全目标、攻击面或防护边界。,Measured Boot
Y252,多选,固件与安全启动,扩展,关于“Measured Boot”，哪些认识或做法正确？,把测量日志当作自动阻断机制,允许任意组件覆盖历史度量,只要设备处于内网或有外壳保护，就无需做针对性安全验证。,Measured Boot 记录启动组件度量供证明使用，常与 TPM 和远程验证结合,将测量日志与 PCR 报价关联,,,DE,正确项体现了该主题的安全属性和工程控制：Measured Boot 记录启动组件度量供证明使用，常与 TPM 和远程验证结合；并应将测量日志与 PCR 报价关联。其余项要么错误描述能力边界，要么以无关控制替代必要防护。,Measured Boot
Y203,单选,固件与安全启动,扩展,在“双镜像更新”的工程评审中，以下哪项判断正确？,把回滚到脆弱版本视为总是安全,只凭宣传、单次测试或默认配置即可判断安全性。,A/B 双镜像更新可在升级失败时回退到已验证版本，降低设备变砖风险,覆盖唯一启动镜像后才校验,,,,C,A/B 双镜像更新可在升级失败时回退到已验证版本，降低设备变砖风险。工程上应先验证候选镜像再切换启动槽；其余选项混淆了安全目标、攻击面或防护边界。,韧性更新
Y253,多选,固件与安全启动,扩展,关于“双镜像更新”，哪些认识或做法正确？,把回滚到脆弱版本视为总是安全,只要设备处于内网或有外壳保护，就无需做针对性安全验证。,A/B 双镜像更新可在升级失败时回退到已验证版本，降低设备变砖风险,先验证候选镜像再切换启动槽,覆盖唯一启动镜像后才校验,,,CD,正确项体现了该主题的安全属性和工程控制：A/B 双镜像更新可在升级失败时回退到已验证版本，降低设备变砖风险；并应先验证候选镜像再切换启动槽。其余项要么错误描述能力边界，要么以无关控制替代必要防护。,韧性更新
Y204,单选,固件与安全启动,扩展,在“更新授权”的工程评审中，以下哪项判断正确？,只凭宣传、单次测试或默认配置即可判断安全性。,固件更新签名密钥应分级保护并限定用途，构建系统不能随意获得生产签名权,把发布私钥放入 CI 环境变量,让测试密钥签署生产包,,,,B,固件更新签名密钥应分级保护并限定用途，构建系统不能随意获得生产签名权。工程上应实施离线根与受控签名流程；其余选项混淆了安全目标、攻击面或防护边界。,固件签名
Y254,多选,固件与安全启动,扩展,关于“更新授权”，哪些认识或做法正确？,只要设备处于内网或有外壳保护，就无需做针对性安全验证。,固件更新签名密钥应分级保护并限定用途，构建系统不能随意获得生产签名权,实施离线根与受控签名流程,把发布私钥放入 CI 环境变量,让测试密钥签署生产包,,,BC,正确项体现了该主题的安全属性和工程控制：固件更新签名密钥应分级保护并限定用途，构建系统不能随意获得生产签名权；并应实施离线根与受控签名流程。其余项要么错误描述能力边界，要么以无关控制替代必要防护。,固件签名
Y205,单选,固件与安全启动,扩展,在“SBOM”的工程评审中，以下哪项判断正确？,软件/固件物料清单帮助定位组件版本和漏洞影响范围，但需要持续更新和可信来源,把 README 当作 SBOM,认为 SBOM 自动修复漏洞,只凭宣传、单次测试或默认配置即可判断安全性。,,,,A,软件/固件物料清单帮助定位组件版本和漏洞影响范围，但需要持续更新和可信来源。工程上应将 SBOM 纳入发布工件；其余选项混淆了安全目标、攻击面或防护边界。,SBOM
Y255,多选,固件与安全启动,扩展,关于“SBOM”，哪些认识或做法正确？,软件/固件物料清单帮助定位组件版本和漏洞影响范围，但需要持续更新和可信来源,将 SBOM 纳入发布工件,把 README 当作 SBOM,认为 SBOM 自动修复漏洞,只要设备处于内网或有外壳保护，就无需做针对性安全验证。,,,AB,正确项体现了该主题的安全属性和工程控制：软件/固件物料清单帮助定位组件版本和漏洞影响范围，但需要持续更新和可信来源；并应将 SBOM 纳入发布工件。其余项要么错误描述能力边界，要么以无关控制替代必要防护。,SBOM
Y206,单选,固件与安全启动,扩展,在“版本撤销”的工程评审中，以下哪项判断正确？,只在官网公告撤销信息,认为旧设备无需更新撤销策略,只凭宣传、单次测试或默认配置即可判断安全性。,已泄漏签名密钥或严重漏洞需要撤销机制，设备必须能接收并执行拒绝策略,,,,D,已泄漏签名密钥或严重漏洞需要撤销机制，设备必须能接收并执行拒绝策略。工程上应发布受认证的撤销列表；其余选项混淆了安全目标、攻击面或防护边界。,密钥撤销
Y256,多选,固件与安全启动,扩展,关于“版本撤销”，哪些认识或做法正确？,发布受认证的撤销列表,只在官网公告撤销信息,认为旧设备无需更新撤销策略,只要设备处于内网或有外壳保护，就无需做针对性安全验证。,已泄漏签名密钥或严重漏洞需要撤销机制，设备必须能接收并执行拒绝策略,,,AE,正确项体现了该主题的安全属性和工程控制：已泄漏签名密钥或严重漏洞需要撤销机制，设备必须能接收并执行拒绝策略；并应发布受认证的撤销列表。其余项要么错误描述能力边界，要么以无关控制替代必要防护。,密钥撤销
Y207,单选,固件与安全启动,扩展,在“恢复模式”的工程评审中，以下哪项判断正确？,把恢复口令写死在固件中,只凭宣传、单次测试或默认配置即可判断安全性。,恢复模式本身是高权限攻击面，应要求认证、受限镜像和物理控制,让恢复模式默认跳过所有校验,,,,C,恢复模式本身是高权限攻击面，应要求认证、受限镜像和物理控制。工程上应限制恢复镜像来源和接口；其余选项混淆了安全目标、攻击面或防护边界。,恢复安全
Y257,多选,固件与安全启动,扩展,关于“恢复模式”，哪些认识或做法正确？,限制恢复镜像来源和接口,让恢复模式默认跳过所有校验,把恢复口令写死在固件中,只要设备处于内网或有外壳保护，就无需做针对性安全验证。,安全设计应记录威胁模型、假设和可验证证据，而非依赖口头保证。,恢复模式本身是高权限攻击面，应要求认证、受限镜像和物理控制,,AEF,正确项体现了该主题的安全属性和工程控制：恢复模式本身是高权限攻击面，应要求认证、受限镜像和物理控制；并应限制恢复镜像来源和接口。其余项要么错误描述能力边界，要么以无关控制替代必要防护。,恢复安全
Y208,单选,固件与安全启动,扩展,在“启动介质”的工程评审中，以下哪项判断正确？,只凭宣传、单次测试或默认配置即可判断安全性。,外接启动介质可能绕过本地启动策略，应配置启动顺序、签名验证和管理权限,认为 BIOS 密码可替代签名验证,允许任意 USB 启动后再检查,,,,B,外接启动介质可能绕过本地启动策略，应配置启动顺序、签名验证和管理权限。工程上应禁用未授权外部启动；其余选项混淆了安全目标、攻击面或防护边界。,启动介质
Y258,多选,固件与安全启动,扩展,关于“启动介质”，哪些认识或做法正确？,允许任意 USB 启动后再检查,只要设备处于内网或有外壳保护，就无需做针对性安全验证。,外接启动介质可能绕过本地启动策略，应配置启动顺序、签名验证和管理权限,禁用未授权外部启动,认为 BIOS 密码可替代签名验证,,,CD,正确项体现了该主题的安全属性和工程控制：外接启动介质可能绕过本地启动策略，应配置启动顺序、签名验证和管理权限；并应禁用未授权外部启动。其余项要么错误描述能力边界，要么以无关控制替代必要防护。,启动介质
Y209,单选,固件与安全启动,扩展,在“固件配置保护”的工程评审中，以下哪项判断正确？,安全关键配置如启动顺序和调试开关应受到完整性、权限和审计保护,把配置文件放在可写 FAT 分区,认为配置不属于攻击面,只凭宣传、单次测试或默认配置即可判断安全性。,,,,A,安全关键配置如启动顺序和调试开关应受到完整性、权限和审计保护。工程上应将配置变更纳入授权流程；其余选项混淆了安全目标、攻击面或防护边界。,平台配置
Y259,多选,固件与安全启动,扩展,关于“固件配置保护”，哪些认识或做法正确？,只要设备处于内网或有外壳保护，就无需做针对性安全验证。,安全关键配置如启动顺序和调试开关应受到完整性、权限和审计保护,将配置变更纳入授权流程,把配置文件放在可写 FAT 分区,认为配置不属于攻击面,,,BC,正确项体现了该主题的安全属性和工程控制：安全关键配置如启动顺序和调试开关应受到完整性、权限和审计保护；并应将配置变更纳入授权流程。其余项要么错误描述能力边界，要么以无关控制替代必要防护。,平台配置
Y210,单选,固件与安全启动,扩展,在“补丁响应”的工程评审中，以下哪项判断正确？,只发布补丁而不确认安装状态,认为设备离线即可忽略漏洞,只凭宣传、单次测试或默认配置即可判断安全性。,固件漏洞响应需要资产识别、影响评估、验证、分批部署与回退方案,,,,D,固件漏洞响应需要资产识别、影响评估、验证、分批部署与回退方案。工程上应按风险优先推送修复；其余选项混淆了安全目标、攻击面或防护边界。,固件运维
Y260,多选,固件与安全启动,扩展,关于“补丁响应”，哪些认识或做法正确？,固件漏洞响应需要资产识别、影响评估、验证、分批部署与回退方案,按风险优先推送修复,只发布补丁而不确认安装状态,认为设备离线即可忽略漏洞,只要设备处于内网或有外壳保护，就无需做针对性安全验证。,,,AB,正确项体现了该主题的安全属性和工程控制：固件漏洞响应需要资产识别、影响评估、验证、分批部署与回退方案；并应按风险优先推送修复。其余项要么错误描述能力边界，要么以无关控制替代必要防护。,固件运维
Y211,单选,应用密码与密钥工程,扩展,在“密钥用途分离”的工程评审中，以下哪项判断正确？,用口令直接充当所有密钥,只凭宣传、单次测试或默认配置即可判断安全性。,加密、签名、MAC 和密钥包装应使用职责分离的密钥，避免一个泄漏扩大影响,同一私钥同时做签名和加密,,,,C,加密、签名、MAC 和密钥包装应使用职责分离的密钥，避免一个泄漏扩大影响。工程上应为不同用途建立密钥策略；其余选项混淆了安全目标、攻击面或防护边界。,密钥用途
Y261,多选,应用密码与密钥工程,扩展,关于“密钥用途分离”，哪些认识或做法正确？,为不同用途建立密钥策略,同一私钥同时做签名和加密,用口令直接充当所有密钥,只要设备处于内网或有外壳保护，就无需做针对性安全验证。,加密、签名、MAC 和密钥包装应使用职责分离的密钥，避免一个泄漏扩大影响,,,AE,正确项体现了该主题的安全属性和工程控制：加密、签名、MAC 和密钥包装应使用职责分离的密钥，避免一个泄漏扩大影响；并应为不同用途建立密钥策略。其余项要么错误描述能力边界，要么以无关控制替代必要防护。,密钥用途
Y212,单选,应用密码与密钥工程,扩展,在“密钥导出”的工程评审中，以下哪项判断正确？,只凭宣传、单次测试或默认配置即可判断安全性。,高价值根密钥通常应不可导出或受严格审批，应用通过受控操作接口使用它,为排障常态导出明文私钥,把密钥备份等同于复制明文,,,,B,高价值根密钥通常应不可导出或受严格审批，应用通过受控操作接口使用它。工程上应让 HSM 或 SE 执行签名；其余选项混淆了安全目标、攻击面或防护边界。,密钥保护
Y262,多选,应用密码与密钥工程,扩展,关于“密钥导出”，哪些认识或做法正确？,为排障常态导出明文私钥,把密钥备份等同于复制明文,只要设备处于内网或有外壳保护，就无需做针对性安全验证。,高价值根密钥通常应不可导出或受严格审批，应用通过受控操作接口使用它,让 HSM 或 SE 执行签名,,,DE,正确项体现了该主题的安全属性和工程控制：高价值根密钥通常应不可导出或受严格审批，应用通过受控操作接口使用它；并应让 HSM 或 SE 执行签名。其余项要么错误描述能力边界，要么以无关控制替代必要防护。,密钥保护
Y213,单选,应用密码与密钥工程,扩展,在“密钥备份”的工程评审中，以下哪项判断正确？,密钥备份需加密、分权、访问审计和恢复演练，否则可能成为攻击薄弱点,把备份文件存在共享盘,只备份一次且从不验证恢复,只凭宣传、单次测试或默认配置即可判断安全性。,,,,A,密钥备份需加密、分权、访问审计和恢复演练，否则可能成为攻击薄弱点。工程上应定期测试受控恢复；其余选项混淆了安全目标、攻击面或防护边界。,密钥恢复
Y263,多选,应用密码与密钥工程,扩展,关于“密钥备份”，哪些认识或做法正确？,只备份一次且从不验证恢复,只要设备处于内网或有外壳保护，就无需做针对性安全验证。,密钥备份需加密、分权、访问审计和恢复演练，否则可能成为攻击薄弱点,定期测试受控恢复,把备份文件存在共享盘,,,CD,正确项体现了该主题的安全属性和工程控制：密钥备份需加密、分权、访问审计和恢复演练，否则可能成为攻击薄弱点；并应定期测试受控恢复。其余项要么错误描述能力边界，要么以无关控制替代必要防护。,密钥恢复
Y214,单选,应用密码与密钥工程,扩展,在“熵源健康”的工程评审中，以下哪项判断正确？,把 PRNG 输出当作熵源健康证明,认为随机数长度足够就不必测试,只凭宣传、单次测试或默认配置即可判断安全性。,TRNG 需要健康测试与故障处置，避免偏置或失效随机源生成弱密钥,,,,D,TRNG 需要健康测试与故障处置，避免偏置或失效随机源生成弱密钥。工程上应监控并隔离异常熵源；其余选项混淆了安全目标、攻击面或防护边界。,随机数工程
Y264,多选,应用密码与密钥工程,扩展,关于“熵源健康”，哪些认识或做法正确？,只要设备处于内网或有外壳保护，就无需做针对性安全验证。,TRNG 需要健康测试与故障处置，避免偏置或失效随机源生成弱密钥,监控并隔离异常熵源,把 PRNG 输出当作熵源健康证明,认为随机数长度足够就不必测试,,,BC,正确项体现了该主题的安全属性和工程控制：TRNG 需要健康测试与故障处置，避免偏置或失效随机源生成弱密钥；并应监控并隔离异常熵源。其余项要么错误描述能力边界，要么以无关控制替代必要防护。,随机数工程
Y215,单选,应用密码与密钥工程,扩展,在“口令派生”的工程评审中，以下哪项判断正确？,把 Base64 编码当作 KDF,只凭宣传、单次测试或默认配置即可判断安全性。,口令不应直接作为加密密钥，应使用经过审查的 KDF 和唯一盐及合适成本参数,对所有用户使用固定无盐哈希,,,,C,口令不应直接作为加密密钥，应使用经过审查的 KDF 和唯一盐及合适成本参数。工程上应采用 Argon2 或 PBKDF2 等 KDF；其余选项混淆了安全目标、攻击面或防护边界。,口令安全
Y265,多选,应用密码与密钥工程,扩展,关于“口令派生”，哪些认识或做法正确？,口令不应直接作为加密密钥，应使用经过审查的 KDF 和唯一盐及合适成本参数,采用 Argon2 或 PBKDF2 等 KDF,对所有用户使用固定无盐哈希,把 Base64 编码当作 KDF,只要设备处于内网或有外壳保护，就无需做针对性安全验证。,,,AB,正确项体现了该主题的安全属性和工程控制：口令不应直接作为加密密钥，应使用经过审查的 KDF 和唯一盐及合适成本参数；并应采用 Argon2 或 PBKDF2 等 KDF。其余项要么错误描述能力边界，要么以无关控制替代必要防护。,口令安全
Y216,单选,应用密码与密钥工程,扩展,在“密钥销毁”的工程评审中，以下哪项判断正确？,只凭宣传、单次测试或默认配置即可判断安全性。,销毁密钥需覆盖内存、备份、缓存和访问令牌，并考虑介质特性,只删除数据库中的一条索引,认为密文删除自动销毁密钥,,,,B,销毁密钥需覆盖内存、备份、缓存和访问令牌，并考虑介质特性。工程上应建立密钥生命周期状态机；其余选项混淆了安全目标、攻击面或防护边界。,密钥销毁
Y266,多选,应用密码与密钥工程,扩展,关于“密钥销毁”，哪些认识或做法正确？,建立密钥生命周期状态机,只删除数据库中的一条索引,认为密文删除自动销毁密钥,只要设备处于内网或有外壳保护，就无需做针对性安全验证。,销毁密钥需覆盖内存、备份、缓存和访问令牌，并考虑介质特性,,,AE,正确项体现了该主题的安全属性和工程控制：销毁密钥需覆盖内存、备份、缓存和访问令牌，并考虑介质特性；并应建立密钥生命周期状态机。其余项要么错误描述能力边界，要么以无关控制替代必要防护。,密钥销毁
Y217,单选,应用密码与密钥工程,扩展,在“证书自动化”的工程评审中，以下哪项判断正确？,证书自动化可减少过期和人工错误，但自动化账户也须最小权限和审计,让自动化账户签发任意域名证书,把证书续期任务设为永久管理员,只凭宣传、单次测试或默认配置即可判断安全性。,,,,A,证书自动化可减少过期和人工错误，但自动化账户也须最小权限和审计。工程上应限制签发范围与有效期；其余选项混淆了安全目标、攻击面或防护边界。,证书自动化
Y267,多选,应用密码与密钥工程,扩展,关于“证书自动化”，哪些认识或做法正确？,让自动化账户签发任意域名证书,把证书续期任务设为永久管理员,只要设备处于内网或有外壳保护，就无需做针对性安全验证。,证书自动化可减少过期和人工错误，但自动化账户也须最小权限和审计,限制签发范围与有效期,,,DE,正确项体现了该主题的安全属性和工程控制：证书自动化可减少过期和人工错误，但自动化账户也须最小权限和审计；并应限制签发范围与有效期。其余项要么错误描述能力边界，要么以无关控制替代必要防护。,证书自动化
Y218,单选,应用密码与密钥工程,扩展,在“算法弃用”的工程评审中，以下哪项判断正确？,突然删除算法且无替代路径,允许客户端永久协商弱算法,只凭宣传、单次测试或默认配置即可判断安全性。,算法弃用应先发现依赖、评估互操作性、发布迁移窗口并阻断降级,,,,D,算法弃用应先发现依赖、评估互操作性、发布迁移窗口并阻断降级。工程上应维护弃用时间表和例外审批；其余选项混淆了安全目标、攻击面或防护边界。,算法治理
Y268,多选,应用密码与密钥工程,扩展,关于“算法弃用”，哪些认识或做法正确？,允许客户端永久协商弱算法,只要设备处于内网或有外壳保护，就无需做针对性安全验证。,算法弃用应先发现依赖、评估互操作性、发布迁移窗口并阻断降级,维护弃用时间表和例外审批,突然删除算法且无替代路径,,,CD,正确项体现了该主题的安全属性和工程控制：算法弃用应先发现依赖、评估互操作性、发布迁移窗口并阻断降级；并应维护弃用时间表和例外审批。其余项要么错误描述能力边界，要么以无关控制替代必要防护。,算法治理
Y219,单选,应用密码与密钥工程,扩展,在“密钥泄漏响应”的工程评审中，以下哪项判断正确？,认为更换服务器 IP 即可,只凭宣传、单次测试或默认配置即可判断安全性。,怀疑私钥泄漏时应撤销、轮换、调查使用范围并更新受影响信任链,只更改私钥文件名,,,,C,怀疑私钥泄漏时应撤销、轮换、调查使用范围并更新受影响信任链。工程上应优先限制继续滥用；其余选项混淆了安全目标、攻击面或防护边界。,密钥事件响应
Y269,多选,应用密码与密钥工程,扩展,关于“密钥泄漏响应”，哪些认识或做法正确？,只要设备处于内网或有外壳保护，就无需做针对性安全验证。,怀疑私钥泄漏时应撤销、轮换、调查使用范围并更新受影响信任链,优先限制继续滥用,只更改私钥文件名,认为更换服务器 IP 即可,,,BC,正确项体现了该主题的安全属性和工程控制：怀疑私钥泄漏时应撤销、轮换、调查使用范围并更新受影响信任链；并应优先限制继续滥用。其余项要么错误描述能力边界，要么以无关控制替代必要防护。,密钥事件响应
Y220,单选,应用密码与密钥工程,扩展,在“侧信道库选择”的工程评审中，以下哪项判断正确？,只凭宣传、单次测试或默认配置即可判断安全性。,使用经过审查且提供常数时间保证边界的密码库仍需正确调用和更新,自行实现生产级大整数密码,认为库函数必然抵抗所有侧信道,,,,B,使用经过审查且提供常数时间保证边界的密码库仍需正确调用和更新。工程上应遵循库的 nonce 与错误处理要求；其余选项混淆了安全目标、攻击面或防护边界。,密码工程
Y270,多选,应用密码与密钥工程,扩展,关于“侧信道库选择”，哪些认识或做法正确？,使用经过审查且提供常数时间保证边界的密码库仍需正确调用和更新,遵循库的 nonce 与错误处理要求,自行实现生产级大整数密码,认为库函数必然抵抗所有侧信道,只要设备处于内网或有外壳保护，就无需做针对性安全验证。,,,AB,正确项体现了该主题的安全属性和工程控制：使用经过审查且提供常数时间保证边界的密码库仍需正确调用和更新；并应遵循库的 nonce 与错误处理要求。其余项要么错误描述能力边界，要么以无关控制替代必要防护。,密码工程
Y221,单选,芯片与 SoC 安全工程,扩展,在“安全生命周期”的工程评审中，以下哪项判断正确？,SoC 安全应贯穿需求、架构、RTL、验证、流片、量产和运维，而非只在末期加密,把安全测试留到产品发布后,认为安全模块可孤立于系统设计,只凭宣传、单次测试或默认配置即可判断安全性。,,,,A,SoC 安全应贯穿需求、架构、RTL、验证、流片、量产和运维，而非只在末期加密。工程上应建立可追溯安全需求；其余选项混淆了安全目标、攻击面或防护边界。,安全开发生命周期
Y271,多选,芯片与 SoC 安全工程,扩展,关于“安全生命周期”，哪些认识或做法正确？,建立可追溯安全需求,把安全测试留到产品发布后,认为安全模块可孤立于系统设计,只要设备处于内网或有外壳保护，就无需做针对性安全验证。,SoC 安全应贯穿需求、架构、RTL、验证、流片、量产和运维，而非只在末期加密,,,AE,正确项体现了该主题的安全属性和工程控制：SoC 安全应贯穿需求、架构、RTL、验证、流片、量产和运维，而非只在末期加密；并应建立可追溯安全需求。其余项要么错误描述能力边界，要么以无关控制替代必要防护。,安全开发生命周期
Y222,单选,芯片与 SoC 安全工程,扩展,在“最小权限”的工程评审中，以下哪项判断正确？,默认允许全部总线主设备访问,把权限错误交给应用修复,只凭宣传、单次测试或默认配置即可判断安全性。,硬件访问控制应让主机、DMA、外设和安全域只获得完成任务所需权限,,,,D,硬件访问控制应让主机、DMA、外设和安全域只获得完成任务所需权限。工程上应配置地址范围和权限表；其余选项混淆了安全目标、攻击面或防护边界。,硬件最小权限
Y272,多选,芯片与 SoC 安全工程,扩展,关于“最小权限”，哪些认识或做法正确？,默认允许全部总线主设备访问,把权限错误交给应用修复,只要设备处于内网或有外壳保护，就无需做针对性安全验证。,硬件访问控制应让主机、DMA、外设和安全域只获得完成任务所需权限,配置地址范围和权限表,,,DE,正确项体现了该主题的安全属性和工程控制：硬件访问控制应让主机、DMA、外设和安全域只获得完成任务所需权限；并应配置地址范围和权限表。其余项要么错误描述能力边界，要么以无关控制替代必要防护。,硬件最小权限
Y223,单选,芯片与 SoC 安全工程,扩展,在“隔离监控器”的工程评审中，以下哪项判断正确？,认为监控器无需更新策略,只凭宣传、单次测试或默认配置即可判断安全性。,安全监控器应验证安全状态切换、资源归属和异常路径，接口越小越易审计,把所有驱动放进监控器,,,,C,安全监控器应验证安全状态切换、资源归属和异常路径，接口越小越易审计。工程上应限制管理调用面；其余选项混淆了安全目标、攻击面或防护边界。,安全监控器
Y273,多选,芯片与 SoC 安全工程,扩展,关于“隔离监控器”，哪些认识或做法正确？,认为监控器无需更新策略,只要设备处于内网或有外壳保护，就无需做针对性安全验证。,安全监控器应验证安全状态切换、资源归属和异常路径，接口越小越易审计,限制管理调用面,把所有驱动放进监控器,,,CD,正确项体现了该主题的安全属性和工程控制：安全监控器应验证安全状态切换、资源归属和异常路径，接口越小越易审计；并应限制管理调用面。其余项要么错误描述能力边界，要么以无关控制替代必要防护。,安全监控器
Y224,单选,芯片与 SoC 安全工程,扩展,在“安全状态机”的工程评审中，以下哪项判断正确？,只凭宣传、单次测试或默认配置即可判断安全性。,安全状态机须处理上电、调试、量产、维修和报废状态，禁止非法回退,允许任意软件切换到开发状态,把状态位放在普通 RAM,,,,B,安全状态机须处理上电、调试、量产、维修和报废状态，禁止非法回退。工程上应定义不可逆锁定规则；其余选项混淆了安全目标、攻击面或防护边界。,生命周期状态
Y274,多选,芯片与 SoC 安全工程,扩展,关于“安全状态机”，哪些认识或做法正确？,只要设备处于内网或有外壳保护，就无需做针对性安全验证。,安全状态机须处理上电、调试、量产、维修和报废状态，禁止非法回退,定义不可逆锁定规则,允许任意软件切换到开发状态,把状态位放在普通 RAM,,,BC,正确项体现了该主题的安全属性和工程控制：安全状态机须处理上电、调试、量产、维修和报废状态，禁止非法回退；并应定义不可逆锁定规则。其余项要么错误描述能力边界，要么以无关控制替代必要防护。,生命周期状态
Y225,单选,芯片与 SoC 安全工程,扩展,在“eFuse 风险”的工程评审中，以下哪项判断正确？,eFuse 可保存设备配置或密钥相关信息，但编程不可逆且需防误烧与权限控制,把 eFuse 当作可频繁修改配置,允许产线脚本无限重试烧写,只凭宣传、单次测试或默认配置即可判断安全性。,,,,A,eFuse 可保存设备配置或密钥相关信息，但编程不可逆且需防误烧与权限控制。工程上应在受控站点执行并验证；其余选项混淆了安全目标、攻击面或防护边界。,eFuse
Y275,多选,芯片与 SoC 安全工程,扩展,关于“eFuse 风险”，哪些认识或做法正确？,eFuse 可保存设备配置或密钥相关信息，但编程不可逆且需防误烧与权限控制,在受控站点执行并验证,把 eFuse 当作可频繁修改配置,允许产线脚本无限重试烧写,只要设备处于内网或有外壳保护，就无需做针对性安全验证。,,,AB,正确项体现了该主题的安全属性和工程控制：eFuse 可保存设备配置或密钥相关信息，但编程不可逆且需防误烧与权限控制；并应在受控站点执行并验证。其余项要么错误描述能力边界，要么以无关控制替代必要防护。,eFuse
Y226,单选,芯片与 SoC 安全工程,扩展,在“ROM 补丁”的工程评审中，以下哪项判断正确？,让任意固件覆盖 ROM 跳转表,认为 ROM 漏洞无需缓解,只凭宣传、单次测试或默认配置即可判断安全性。,Boot ROM 不可修改时，补丁机制必须自身受认证并避免成为绕过根验证的入口,,,,D,Boot ROM 不可修改时，补丁机制必须自身受认证并避免成为绕过根验证的入口。工程上应验证补丁签名和版本；其余选项混淆了安全目标、攻击面或防护边界。,ROM 安全
Y276,多选,芯片与 SoC 安全工程,扩展,关于“ROM 补丁”，哪些认识或做法正确？,验证补丁签名和版本,让任意固件覆盖 ROM 跳转表,认为 ROM 漏洞无需缓解,只要设备处于内网或有外壳保护，就无需做针对性安全验证。,Boot ROM 不可修改时，补丁机制必须自身受认证并避免成为绕过根验证的入口,,,AE,正确项体现了该主题的安全属性和工程控制：Boot ROM 不可修改时，补丁机制必须自身受认证并避免成为绕过根验证的入口；并应验证补丁签名和版本。其余项要么错误描述能力边界，要么以无关控制替代必要防护。,ROM 安全
Y227,单选,芯片与 SoC 安全工程,扩展,在“形式验证”的工程评审中，以下哪项判断正确？,认为形式验证无需人工审查,只凭宣传、单次测试或默认配置即可判断安全性。,形式验证可证明特定硬件属性，但结论受模型、假设和覆盖范围限制,把一次仿真通过视为形式证明,,,,C,形式验证可证明特定硬件属性，但结论受模型、假设和覆盖范围限制。工程上应将安全属性写成可检查断言；其余选项混淆了安全目标、攻击面或防护边界。,硬件验证
Y277,多选,芯片与 SoC 安全工程,扩展,关于“形式验证”，哪些认识或做法正确？,把一次仿真通过视为形式证明,认为形式验证无需人工审查,只要设备处于内网或有外壳保护，就无需做针对性安全验证。,形式验证可证明特定硬件属性，但结论受模型、假设和覆盖范围限制,将安全属性写成可检查断言,,,DE,正确项体现了该主题的安全属性和工程控制：形式验证可证明特定硬件属性，但结论受模型、假设和覆盖范围限制；并应将安全属性写成可检查断言。其余项要么错误描述能力边界，要么以无关控制替代必要防护。,硬件验证
Y228,单选,芯片与 SoC 安全工程,扩展,在“安全验证计划”的工程评审中，以下哪项判断正确？,只凭宣传、单次测试或默认配置即可判断安全性。,安全验证需覆盖权限、复位、异常、并发和错误注入等场景,只测试正常功能路径,用代码覆盖率替代安全覆盖,,,,B,安全验证需覆盖权限、复位、异常、并发和错误注入等场景。工程上应将攻击面映射到测试用例；其余选项混淆了安全目标、攻击面或防护边界。,安全验证
Y278,多选,芯片与 SoC 安全工程,扩展,关于“安全验证计划”，哪些认识或做法正确？,用代码覆盖率替代安全覆盖,只要设备处于内网或有外壳保护，就无需做针对性安全验证。,安全验证需覆盖权限、复位、异常、并发和错误注入等场景,将攻击面映射到测试用例,只测试正常功能路径,,,CD,正确项体现了该主题的安全属性和工程控制：安全验证需覆盖权限、复位、异常、并发和错误注入等场景；并应将攻击面映射到测试用例。其余项要么错误描述能力边界，要么以无关控制替代必要防护。,安全验证
Y229,单选,芯片与 SoC 安全工程,扩展,在“可信执行分区”的工程评审中，以下哪项判断正确？,将密钥处理、策略决策和普通应用分区可缩小高价值代码范围,把所有业务逻辑放入安全岛,认为分区无需消息认证,只凭宣传、单次测试或默认配置即可判断安全性。,,,,A,将密钥处理、策略决策和普通应用分区可缩小高价值代码范围。工程上应明确跨域接口与数据流；其余选项混淆了安全目标、攻击面或防护边界。,安全分区
Y279,多选,芯片与 SoC 安全工程,扩展,关于“可信执行分区”，哪些认识或做法正确？,只要设备处于内网或有外壳保护，就无需做针对性安全验证。,将密钥处理、策略决策和普通应用分区可缩小高价值代码范围,明确跨域接口与数据流,把所有业务逻辑放入安全岛,认为分区无需消息认证,,,BC,正确项体现了该主题的安全属性和工程控制：将密钥处理、策略决策和普通应用分区可缩小高价值代码范围；并应明确跨域接口与数据流。其余项要么错误描述能力边界，要么以无关控制替代必要防护。,安全分区
Y230,单选,芯片与 SoC 安全工程,扩展,在“量产密钥注入”的工程评审中，以下哪项判断正确？,把主密钥复制到产线 PC,用同一设备证书反复注入,只凭宣传、单次测试或默认配置即可判断安全性。,密钥注入站应有设备认证、分权、审计和防重复机制，避免批量泄露,,,,D,密钥注入站应有设备认证、分权、审计和防重复机制，避免批量泄露。工程上应记录不可抵赖的注入结果；其余选项混淆了安全目标、攻击面或防护边界。,密钥注入
Y280,多选,芯片与 SoC 安全工程,扩展,关于“量产密钥注入”，哪些认识或做法正确？,密钥注入站应有设备认证、分权、审计和防重复机制，避免批量泄露,记录不可抵赖的注入结果,把主密钥复制到产线 PC,用同一设备证书反复注入,只要设备处于内网或有外壳保护，就无需做针对性安全验证。,,,AB,正确项体现了该主题的安全属性和工程控制：密钥注入站应有设备认证、分权、审计和防重复机制，避免批量泄露；并应记录不可抵赖的注入结果。其余项要么错误描述能力边界，要么以无关控制替代必要防护。,密钥注入
Y231,单选,接口、总线与平台防护,扩展,在“DMA 风险”的工程评审中，以下哪项判断正确？,仅加密磁盘防御 DMA,只凭宣传、单次测试或默认配置即可判断安全性。,具备 DMA 能力的外设可绕过 CPU 访问内存，未配置隔离时会扩大攻击面,认为驱动权限低就没有 DMA 风险,,,,C,具备 DMA 能力的外设可绕过 CPU 访问内存，未配置隔离时会扩大攻击面。工程上应启用 IOMMU 并限制设备域；其余选项混淆了安全目标、攻击面或防护边界。,DMA
Y281,多选,接口、总线与平台防护,扩展,关于“DMA 风险”，哪些认识或做法正确？,启用 IOMMU 并限制设备域,认为驱动权限低就没有 DMA 风险,仅加密磁盘防御 DMA,只要设备处于内网或有外壳保护，就无需做针对性安全验证。,具备 DMA 能力的外设可绕过 CPU 访问内存，未配置隔离时会扩大攻击面,,,AE,正确项体现了该主题的安全属性和工程控制：具备 DMA 能力的外设可绕过 CPU 访问内存，未配置隔离时会扩大攻击面；并应启用 IOMMU 并限制设备域。其余项要么错误描述能力边界，要么以无关控制替代必要防护。,DMA
Y232,单选,接口、总线与平台防护,扩展,在“IOMMU”的工程评审中，以下哪项判断正确？,只凭宣传、单次测试或默认配置即可判断安全性。,IOMMU 将设备 DMA 地址转换和权限隔离，可限制外设访问授权内存范围,把 IOMMU 当作网络防火墙,启用后不需要驱动安全更新,,,,B,IOMMU 将设备 DMA 地址转换和权限隔离，可限制外设访问授权内存范围。工程上应为每个设备分配受控域；其余选项混淆了安全目标、攻击面或防护边界。,IOMMU
Y282,多选,接口、总线与平台防护,扩展,关于“IOMMU”，哪些认识或做法正确？,把 IOMMU 当作网络防火墙,启用后不需要驱动安全更新,只要设备处于内网或有外壳保护，就无需做针对性安全验证。,IOMMU 将设备 DMA 地址转换和权限隔离，可限制外设访问授权内存范围,为每个设备分配受控域,,,DE,正确项体现了该主题的安全属性和工程控制：IOMMU 将设备 DMA 地址转换和权限隔离，可限制外设访问授权内存范围；并应为每个设备分配受控域。其余项要么错误描述能力边界，要么以无关控制替代必要防护。,IOMMU
Y233,单选,接口、总线与平台防护,扩展,在“PCIe 热插拔”的工程评审中，以下哪项判断正确？,PCIe 热插拔和外接扩展可能引入高权限 DMA 设备，需结合平台策略和物理控制,认为外接设备只能访问自身寄存器,只依靠机箱锁阻止所有攻击,只凭宣传、单次测试或默认配置即可判断安全性。,,,,A,PCIe 热插拔和外接扩展可能引入高权限 DMA 设备，需结合平台策略和物理控制。工程上应限制未授权端口和热插拔；其余选项混淆了安全目标、攻击面或防护边界。,PCIe
Y283,多选,接口、总线与平台防护,扩展,关于“PCIe 热插拔”，哪些认识或做法正确？,只依靠机箱锁阻止所有攻击,只要设备处于内网或有外壳保护，就无需做针对性安全验证。,PCIe 热插拔和外接扩展可能引入高权限 DMA 设备，需结合平台策略和物理控制,限制未授权端口和热插拔,认为外接设备只能访问自身寄存器,,,CD,正确项体现了该主题的安全属性和工程控制：PCIe 热插拔和外接扩展可能引入高权限 DMA 设备，需结合平台策略和物理控制；并应限制未授权端口和热插拔。其余项要么错误描述能力边界，要么以无关控制替代必要防护。,PCIe
Y234,单选,接口、总线与平台防护,扩展,在“USB 攻击面”的工程评审中，以下哪项判断正确？,认为 USB 只传输低风险数据,允许未知设备自动加载驱动,只凭宣传、单次测试或默认配置即可判断安全性。,USB 设备可模拟键盘、网卡、存储或复合设备，策略应按类别、身份和端口控制,,,,D,USB 设备可模拟键盘、网卡、存储或复合设备，策略应按类别、身份和端口控制。工程上应禁用不必要的 USB 类；其余选项混淆了安全目标、攻击面或防护边界。,USB 安全
Y284,多选,接口、总线与平台防护,扩展,关于“USB 攻击面”，哪些认识或做法正确？,只要设备处于内网或有外壳保护，就无需做针对性安全验证。,USB 设备可模拟键盘、网卡、存储或复合设备，策略应按类别、身份和端口控制,禁用不必要的 USB 类,认为 USB 只传输低风险数据,允许未知设备自动加载驱动,,,BC,正确项体现了该主题的安全属性和工程控制：USB 设备可模拟键盘、网卡、存储或复合设备，策略应按类别、身份和端口控制；并应禁用不必要的 USB 类。其余项要么错误描述能力边界，要么以无关控制替代必要防护。,USB 安全
Y235,单选,接口、总线与平台防护,扩展,在“固件总线”的工程评审中，以下哪项判断正确？,只改变总线频率就能防篡改,只凭宣传、单次测试或默认配置即可判断安全性。,I2C、SPI 等板级总线可能承载配置、传感器和固件数据，裸露测试点会增加篡改风险,认为低速总线没有攻击价值,,,,C,I2C、SPI 等板级总线可能承载配置、传感器和固件数据，裸露测试点会增加篡改风险。工程上应保护关键链路并校验完整性；其余选项混淆了安全目标、攻击面或防护边界。,板级总线
Y285,多选,接口、总线与平台防护,扩展,关于“固件总线”，哪些认识或做法正确？,I2C、SPI 等板级总线可能承载配置、传感器和固件数据，裸露测试点会增加篡改风险,保护关键链路并校验完整性,认为低速总线没有攻击价值,只改变总线频率就能防篡改,只要设备处于内网或有外壳保护，就无需做针对性安全验证。,,,AB,正确项体现了该主题的安全属性和工程控制：I2C、SPI 等板级总线可能承载配置、传感器和固件数据，裸露测试点会增加篡改风险；并应保护关键链路并校验完整性。其余项要么错误描述能力边界，要么以无关控制替代必要防护。,板级总线
Y236,单选,接口、总线与平台防护,扩展,在“管理控制器”的工程评审中，以下哪项判断正确？,只凭宣传、单次测试或默认配置即可判断安全性。,BMC 等管理控制器拥有远程管理和固件更新能力，应独立加固、认证和监控,把 BMC 当作普通应用服务,使用出厂默认凭据,,,,B,BMC 等管理控制器拥有远程管理和固件更新能力，应独立加固、认证和监控。工程上应隔离管理网络并及时更新；其余选项混淆了安全目标、攻击面或防护边界。,BMC 安全
Y286,多选,接口、总线与平台防护,扩展,关于“管理控制器”，哪些认识或做法正确？,隔离管理网络并及时更新,把 BMC 当作普通应用服务,使用出厂默认凭据,只要设备处于内网或有外壳保护，就无需做针对性安全验证。,BMC 等管理控制器拥有远程管理和固件更新能力，应独立加固、认证和监控,,,AE,正确项体现了该主题的安全属性和工程控制：BMC 等管理控制器拥有远程管理和固件更新能力，应独立加固、认证和监控；并应隔离管理网络并及时更新。其余项要么错误描述能力边界，要么以无关控制替代必要防护。,BMC 安全
Y237,单选,接口、总线与平台防护,扩展,在“网络启动”的工程评审中，以下哪项判断正确？,PXE 等网络启动若缺少认证可能加载恶意镜像，应绑定可信服务器和签名策略,认为内网 DHCP 天然可信,仅隐藏启动菜单,只凭宣传、单次测试或默认配置即可判断安全性。,,,,A,PXE 等网络启动若缺少认证可能加载恶意镜像，应绑定可信服务器和签名策略。工程上应验证镜像来源和完整性；其余选项混淆了安全目标、攻击面或防护边界。,网络启动
Y287,多选,接口、总线与平台防护,扩展,关于“网络启动”，哪些认识或做法正确？,认为内网 DHCP 天然可信,仅隐藏启动菜单,只要设备处于内网或有外壳保护，就无需做针对性安全验证。,PXE 等网络启动若缺少认证可能加载恶意镜像，应绑定可信服务器和签名策略,验证镜像来源和完整性,,,DE,正确项体现了该主题的安全属性和工程控制：PXE 等网络启动若缺少认证可能加载恶意镜像，应绑定可信服务器和签名策略；并应验证镜像来源和完整性。其余项要么错误描述能力边界，要么以无关控制替代必要防护。,网络启动
Y238,单选,接口、总线与平台防护,扩展,在“时间源安全”的工程评审中，以下哪项判断正确？,把任意 NTP 响应视为可信,认为时间错误只影响日志,只凭宣传、单次测试或默认配置即可判断安全性。,安全协议依赖时间时，应防止不可信时间源导致证书或回滚判断失效,,,,D,安全协议依赖时间时，应防止不可信时间源导致证书或回滚判断失效。工程上应使用受认证时间和合理容差；其余选项混淆了安全目标、攻击面或防护边界。,时间安全
Y288,多选,接口、总线与平台防护,扩展,关于“时间源安全”，哪些认识或做法正确？,把任意 NTP 响应视为可信,认为时间错误只影响日志,只要设备处于内网或有外壳保护，就无需做针对性安全验证。,安全设计应记录威胁模型、假设和可验证证据，而非依赖口头保证。,安全协议依赖时间时，应防止不可信时间源导致证书或回滚判断失效,使用受认证时间和合理容差,,DEF,正确项体现了该主题的安全属性和工程控制：安全协议依赖时间时，应防止不可信时间源导致证书或回滚判断失效；并应使用受认证时间和合理容差。其余项要么错误描述能力边界，要么以无关控制替代必要防护。,时间安全
Y239,单选,接口、总线与平台防护,扩展,在“传感器欺骗”的工程评审中，以下哪项判断正确？,认为传感器数据无需完整性保护,只凭宣传、单次测试或默认配置即可判断安全性。,安全决策依赖传感器时，攻击者可能伪造、遮挡或重放读数,把单一传感器读数当作绝对事实,,,,C,安全决策依赖传感器时，攻击者可能伪造、遮挡或重放读数。工程上应做交叉校验和异常检测；其余选项混淆了安全目标、攻击面或防护边界。,传感器安全
Y289,多选,接口、总线与平台防护,扩展,关于“传感器欺骗”，哪些认识或做法正确？,只要设备处于内网或有外壳保护，就无需做针对性安全验证。,安全决策依赖传感器时，攻击者可能伪造、遮挡或重放读数,做交叉校验和异常检测,把单一传感器读数当作绝对事实,认为传感器数据无需完整性保护,,,BC,正确项体现了该主题的安全属性和工程控制：安全决策依赖传感器时，攻击者可能伪造、遮挡或重放读数；并应做交叉校验和异常检测。其余项要么错误描述能力边界，要么以无关控制替代必要防护。,传感器安全
Y240,单选,接口、总线与平台防护,扩展,在“电源域隔离”的工程评审中，以下哪项判断正确？,只凭宣传、单次测试或默认配置即可判断安全性。,不同安全域的电源、复位和时钟耦合可能形成故障传播路径,认为逻辑隔离自动隔离电源故障,只增加软件看门狗即可,,,,B,不同安全域的电源、复位和时钟耦合可能形成故障传播路径。工程上应分析跨域故障与上电顺序；其余选项混淆了安全目标、攻击面或防护边界。,平台韧性
Y290,多选,接口、总线与平台防护,扩展,关于“电源域隔离”，哪些认识或做法正确？,不同安全域的电源、复位和时钟耦合可能形成故障传播路径,分析跨域故障与上电顺序,认为逻辑隔离自动隔离电源故障,只增加软件看门狗即可,只要设备处于内网或有外壳保护，就无需做针对性安全验证。,,,AB,正确项体现了该主题的安全属性和工程控制：不同安全域的电源、复位和时钟耦合可能形成故障传播路径；并应分析跨域故障与上电顺序。其余项要么错误描述能力边界，要么以无关控制替代必要防护。,平台韧性
Y241,单选,云、证明与安全运营,扩展,在“工作负载证明”的工程评审中，以下哪项判断正确？,云机密计算部署应在上线前验证实例类型、度量、镜像版本和策略，而非仅信任控制台标签,看到“机密”标识就跳过验证,把证明报告公开给所有租户,只凭宣传、单次测试或默认配置即可判断安全性。,,,,A,云机密计算部署应在上线前验证实例类型、度量、镜像版本和策略，而非仅信任控制台标签。工程上应将证明接入准入流程；其余选项混淆了安全目标、攻击面或防护边界。,云证明
Y291,多选,云、证明与安全运营,扩展,关于“工作负载证明”，哪些认识或做法正确？,将证明接入准入流程,看到“机密”标识就跳过验证,把证明报告公开给所有租户,只要设备处于内网或有外壳保护，就无需做针对性安全验证。,云机密计算部署应在上线前验证实例类型、度量、镜像版本和策略，而非仅信任控制台标签,,,AE,正确项体现了该主题的安全属性和工程控制：云机密计算部署应在上线前验证实例类型、度量、镜像版本和策略，而非仅信任控制台标签；并应将证明接入准入流程。其余项要么错误描述能力边界，要么以无关控制替代必要防护。,云证明
Y242,单选,云、证明与安全运营,扩展,在“秘密投递”的工程评审中，以下哪项判断正确？,在镜像构建阶段写入生产密钥,把秘密放入用户数据脚本,只凭宣传、单次测试或默认配置即可判断安全性。,密钥或令牌应在证明通过后按最小权限投递，并绑定工作负载身份与生命周期,,,,D,密钥或令牌应在证明通过后按最小权限投递，并绑定工作负载身份与生命周期。工程上应使用短期凭据和策略门控；其余选项混淆了安全目标、攻击面或防护边界。,秘密投递
Y292,多选,云、证明与安全运营,扩展,关于“秘密投递”，哪些认识或做法正确？,在镜像构建阶段写入生产密钥,把秘密放入用户数据脚本,只要设备处于内网或有外壳保护，就无需做针对性安全验证。,密钥或令牌应在证明通过后按最小权限投递，并绑定工作负载身份与生命周期,使用短期凭据和策略门控,,,DE,正确项体现了该主题的安全属性和工程控制：密钥或令牌应在证明通过后按最小权限投递，并绑定工作负载身份与生命周期；并应使用短期凭据和策略门控。其余项要么错误描述能力边界，要么以无关控制替代必要防护。,秘密投递
Y243,单选,云、证明与安全运营,扩展,在“镜像供应链”的工程评审中，以下哪项判断正确？,认为私有仓库无需扫描,只凭宣传、单次测试或默认配置即可判断安全性。,容器和虚机镜像需追踪来源、构建、签名、扫描和部署策略,只按镜像标签拉取 latest,,,,C,容器和虚机镜像需追踪来源、构建、签名、扫描和部署策略。工程上应验证镜像签名和摘要；其余选项混淆了安全目标、攻击面或防护边界。,镜像安全
Y293,多选,云、证明与安全运营,扩展,关于“镜像供应链”，哪些认识或做法正确？,认为私有仓库无需扫描,只要设备处于内网或有外壳保护，就无需做针对性安全验证。,容器和虚机镜像需追踪来源、构建、签名、扫描和部署策略,验证镜像签名和摘要,只按镜像标签拉取 latest,,,CD,正确项体现了该主题的安全属性和工程控制：容器和虚机镜像需追踪来源、构建、签名、扫描和部署策略；并应验证镜像签名和摘要。其余项要么错误描述能力边界，要么以无关控制替代必要防护。,镜像安全
Y244,单选,云、证明与安全运营,扩展,在“运行时隔离”的工程评审中，以下哪项判断正确？,只凭宣传、单次测试或默认配置即可判断安全性。,容器隔离不等同于硬件隔离，高风险多租户场景需评估内核、运行时和节点边界,认为容器自动隔离所有内核漏洞,只加密容器镜像即可,,,,B,容器隔离不等同于硬件隔离，高风险多租户场景需评估内核、运行时和节点边界。工程上应按风险选择 VM、CVM 或专属节点；其余选项混淆了安全目标、攻击面或防护边界。,运行时隔离
Y294,多选,云、证明与安全运营,扩展,关于“运行时隔离”，哪些认识或做法正确？,只要设备处于内网或有外壳保护，就无需做针对性安全验证。,容器隔离不等同于硬件隔离，高风险多租户场景需评估内核、运行时和节点边界,按风险选择 VM、CVM 或专属节点,认为容器自动隔离所有内核漏洞,只加密容器镜像即可,,,BC,正确项体现了该主题的安全属性和工程控制：容器隔离不等同于硬件隔离，高风险多租户场景需评估内核、运行时和节点边界；并应按风险选择 VM、CVM 或专属节点。其余项要么错误描述能力边界，要么以无关控制替代必要防护。,运行时隔离
Y245,单选,云、证明与安全运营,扩展,在“安全日志”的工程评审中，以下哪项判断正确？,安全日志应具备完整性、时间同步、访问控制和保留策略，支持事件调查,让管理员可无痕修改日志,只记录成功事件,只凭宣传、单次测试或默认配置即可判断安全性。,,,,A,安全日志应具备完整性、时间同步、访问控制和保留策略，支持事件调查。工程上应集中收集并防止未授权篡改；其余选项混淆了安全目标、攻击面或防护边界。,安全审计
Y295,多选,云、证明与安全运营,扩展,关于“安全日志”，哪些认识或做法正确？,安全日志应具备完整性、时间同步、访问控制和保留策略，支持事件调查,集中收集并防止未授权篡改,让管理员可无痕修改日志,只记录成功事件,只要设备处于内网或有外壳保护，就无需做针对性安全验证。,,,AB,正确项体现了该主题的安全属性和工程控制：安全日志应具备完整性、时间同步、访问控制和保留策略，支持事件调查；并应集中收集并防止未授权篡改。其余项要么错误描述能力边界，要么以无关控制替代必要防护。,安全审计
Y246,单选,云、证明与安全运营,扩展,在“漏洞优先级”的工程评审中，以下哪项判断正确？,所有 CVE 按发布时间处理,因暂无公开利用就永久忽略,只凭宣传、单次测试或默认配置即可判断安全性。,漏洞处置应结合可利用性、资产暴露、业务影响和补偿控制，而非只看分数,,,,D,漏洞处置应结合可利用性、资产暴露、业务影响和补偿控制，而非只看分数。工程上应建立风险驱动的修复队列；其余选项混淆了安全目标、攻击面或防护边界。,漏洞管理
Y296,多选,云、证明与安全运营,扩展,关于“漏洞优先级”，哪些认识或做法正确？,建立风险驱动的修复队列,所有 CVE 按发布时间处理,因暂无公开利用就永久忽略,只要设备处于内网或有外壳保护，就无需做针对性安全验证。,漏洞处置应结合可利用性、资产暴露、业务影响和补偿控制，而非只看分数,,,AE,正确项体现了该主题的安全属性和工程控制：漏洞处置应结合可利用性、资产暴露、业务影响和补偿控制，而非只看分数；并应建立风险驱动的修复队列。其余项要么错误描述能力边界，要么以无关控制替代必要防护。,漏洞管理
Y247,单选,云、证明与安全运营,扩展,在“资产盘点”的工程评审中，以下哪项判断正确？,认为采购台账等同实时资产状态,只凭宣传、单次测试或默认配置即可判断安全性。,准确资产盘点是固件、证书、漏洞和供应链治理的前提，应覆盖版本与所有者,只盘点服务器不盘点 BMC 和设备,,,,C,准确资产盘点是固件、证书、漏洞和供应链治理的前提，应覆盖版本与所有者。工程上应自动发现并定期核对；其余选项混淆了安全目标、攻击面或防护边界。,资产管理
Y297,多选,云、证明与安全运营,扩展,关于“资产盘点”，哪些认识或做法正确？,只盘点服务器不盘点 BMC 和设备,认为采购台账等同实时资产状态,只要设备处于内网或有外壳保护，就无需做针对性安全验证。,准确资产盘点是固件、证书、漏洞和供应链治理的前提，应覆盖版本与所有者,自动发现并定期核对,,,DE,正确项体现了该主题的安全属性和工程控制：准确资产盘点是固件、证书、漏洞和供应链治理的前提，应覆盖版本与所有者；并应自动发现并定期核对。其余项要么错误描述能力边界，要么以无关控制替代必要防护。,资产管理
Y248,单选,云、证明与安全运营,扩展,在“零信任维护”的工程评审中，以下哪项判断正确？,只凭宣传、单次测试或默认配置即可判断安全性。,维护访问应持续验证身份、设备状态、会话上下文和最小权限，而非因位于内网就默认信任,把 VPN 登录当作永久高权限凭据,允许共享运维账号,,,,B,维护访问应持续验证身份、设备状态、会话上下文和最小权限，而非因位于内网就默认信任。工程上应使用短期授权和审计；其余选项混淆了安全目标、攻击面或防护边界。,运维安全
Y298,多选,云、证明与安全运营,扩展,关于“零信任维护”，哪些认识或做法正确？,允许共享运维账号,只要设备处于内网或有外壳保护，就无需做针对性安全验证。,维护访问应持续验证身份、设备状态、会话上下文和最小权限，而非因位于内网就默认信任,使用短期授权和审计,把 VPN 登录当作永久高权限凭据,,,CD,正确项体现了该主题的安全属性和工程控制：维护访问应持续验证身份、设备状态、会话上下文和最小权限，而非因位于内网就默认信任；并应使用短期授权和审计。其余项要么错误描述能力边界，要么以无关控制替代必要防护。,运维安全
Y249,单选,云、证明与安全运营,扩展,在“事件取证”的工程评审中，以下哪项判断正确？,硬件安全事件取证需保全设备状态、日志、固件版本和物理证据，并避免破坏证据链,为排障先随意刷写设备,只保留截图不保留原始工件,只凭宣传、单次测试或默认配置即可判断安全性。,,,,A,硬件安全事件取证需保全设备状态、日志、固件版本和物理证据，并避免破坏证据链。工程上应记录采集时间和责任人；其余选项混淆了安全目标、攻击面或防护边界。,事件响应
Y299,多选,云、证明与安全运营,扩展,关于“事件取证”，哪些认识或做法正确？,只要设备处于内网或有外壳保护，就无需做针对性安全验证。,硬件安全事件取证需保全设备状态、日志、固件版本和物理证据，并避免破坏证据链,记录采集时间和责任人,为排障先随意刷写设备,只保留截图不保留原始工件,,,BC,正确项体现了该主题的安全属性和工程控制：硬件安全事件取证需保全设备状态、日志、固件版本和物理证据，并避免破坏证据链；并应记录采集时间和责任人。其余项要么错误描述能力边界，要么以无关控制替代必要防护。,事件响应
Y250,单选,云、证明与安全运营,扩展,在“安全指标”的工程评审中，以下哪项判断正确？,只统计培训次数作为安全水平,用单一总分掩盖高风险资产,只凭宣传、单次测试或默认配置即可判断安全性。,安全指标应反映可行动风险，如未修复关键固件比例、默认口令清除率和证明失败率,,,,D,安全指标应反映可行动风险，如未修复关键固件比例、默认口令清除率和证明失败率。工程上应定义口径与数据来源；其余选项混淆了安全目标、攻击面或防护边界。,安全度量
Y300,多选,云、证明与安全运营,扩展,关于“安全指标”，哪些认识或做法正确？,定义口径与数据来源,只统计培训次数作为安全水平,用单一总分掩盖高风险资产,只要设备处于内网或有外壳保护，就无需做针对性安全验证。,发生异常时，应优先保持证据、限制影响并按授权流程处置。,将高权限账号和生产密钥共享给所有维护人员可提高响应效率。,安全指标应反映可行动风险，如未修复关键固件比例、默认口令清除率和证明失败率,AEG,正确项体现了该主题的安全属性和工程控制：安全指标应反映可行动风险，如未修复关键固件比例、默认口令清除率和证明失败率；并应定义口径与数据来源。其余项要么错误描述能力边界，要么以无关控制替代必要防护。,安全度量
